"id", "name", "alias", "visibility", "dvndescription", "lastname", "firstname", "affiliation"
2368;"kevin test 1";"ktest1";"";"testing";"";"";"iqss"
2361;"Test Change Allias";"EbenBroadbent";"";"test";"";"";"Test"
2347;"esotiri batch import test ";"esobit";"";"esotiri batch import test ";"";"";"iqss "
2342;"Test Download";"tdown";"";"Test";"";"";"IQSS"
2337;"Robert Dataverse 1";"RDV1";"";"This is a test Dataverse.";"";"";"COS"
2309;"Elections Project";"ElectProject";"";"Repository of election-related resources produced by Dr. Michael P. McDonald";"";"";"US Elections Project"
2300;"Timothy Ryan";"timothyryan";"";"Tim Ryan's dataverse";"";"";"University of Michigan"
2296;"NRO Star Formation Project";"nrostarformation";"";"Database of Nobeyama Star Formation Project and related projects";"";"";"Nobeyama Radio Observatory, National Astronomical Observatory of Japan"
2281;"Carsten Q. Schneider";"cqs";"";"Data on political phenomena";"";"";"Central European University"
2274;"Perseus OB2 WISE Survey";"perseusOB2";"";"WISE and 2MASS survey data for sources in the Perseus region";"";"";"Harvard/Smithsonian CfA"
2269;"Surveys of Local Election Officials";"leostudy";"";" Caltech/MIT Voting Technology Project";"";"";" Caltech/MIT Voting Technology Project"
2265;"Arun Sundararajan";"digitalarun";"";"Data I use in my research";"";"";"New York University"
2259;"Canadian Election Studies";"tscotto";"";"Various Political Support in Canada Surveys";"";"";"University of Essex"
2258;"Military Capabilities Dataverse";"bcrisher";"";"Dataverse page for Crisher-Souva military capabilities data.";"";"";"Florida State University"
Review of Economics and Statistics 2013 95:4, 1404-1417 ";"";"";"The Chinese University of Hong Kong"
2251;"Perceptions of Electoral Integrity";"PEI";"";"A new expert survey of Perceptions of Electoral Integrity designed to provide a comprehensive, impartial, and independent source of information about whether national elections meet internationally-recognized standards.";"";"";"Harvard and Sydney Universities"
2239;"Bernd Beber";"beber";"";"Bernd Beber's research project data";"";"";"New York University"
2231;"Martin C. Steinwand";"MCSteinwand";"";"Dataverse features replication data for my work. ";"";"";"Stony Brook University"
2216;"Simon Labbe St-Vincent";"electoralexperiments";"";"Electoral Experiments";"";"";"Universite de Montreal"
2215;"Partisan Imbalance in Regression Discontinuity Studies Based on Electoral Thresholds";"RDD_Skew";"";"This data can be used to replicate the emprical analysis in "Partisan Imbalance in Regression Discontinuity Studies Based on Electoral Thresholds", by Snyder, Folke and Hirano. The paper is forthcoming in Political Science Research and Method.";"";"";"Columbia University"
2214;"Bechtel and Sattler";"bechtelsattler";"";"Replication archive for Bechtel, Michael M./Sattler, Thomas 2014: What Is Litigation in the World Trade Organization Worth?, in: International Organization";"";"";"University of St.Gallen"
2193;"Cyrus Samii";"cyrussamii";"";"Replication data for publications.";"";"";"New York University"
2191;"Tom Louwerse";"tomlouwerse";"";"Research data and replication data for Tom Louwerse";"";"";"Trinity College Dublin"
2187;"Correlated Xray Scattering";"cxsdata";"";"Correlated xray scattering datasets. ";"";"";"Stanford Unviersity"
2172;"Phillip Towns";"JPMChaseMergersAndAquisitions";"";"Provides a collection of historical information and objects pertaining to the merger and aquisitions of JP Morgan Chase";"";"";"Syracuse University"
2168;"DiGrazia et al. More Tweets, More Votes";"MTMV";"";"District-level data for 2010 and 2012 house elections with tweet volume variable.";"";"";"Indiana University"
2167;"Matthew P. Hitt";"matthitt";"";"Replication data and code for the research of Matthew P. Hitt, doctoral candidate, department of political science, The Ohio State University. ";"";"";"The Ohio State University"
2166;"Human Trafficking Indicators";"hti";"";"This webpage hosts data and research output created by the Human Trafficking Indicators research project led by Richard W. Frank.";"";"";"University of Sydney"
2163;"Jonathan McDowell";"jcm";"";"Research projects of Jonathan C. McDowell in various areas of astrophysics, mainly Quasars/AGN and X-ray astronomy";"";"";"Harvard-Smithsonian Center for Astrophysics"
2161;"Doing archives";"doingarchives";"";"Datasets constructed by charter + general members of the Doing archives project Doing archives | twitter @doingarchives | google + http://bit.ly/15YEHTx | doingarchives@gmail.com / institutional sponsor likely to change in 2014";"";"";"P2PU / MOOC.org"
2158;"Strategy and Selection - A Strategic Selection Estimator";"StrategySelection";"";"Replication material for "Strategy and Selection - A Strategic Selection Estimator" forthcoming Political Analysis";"";"";"Columbia University"
2153;"Counterfactual Approach";"cfa";"";"Counterfactual approach estimates of strategic voting";"";"";"University of the Basque Country"
2149;"Andreas Graefe";"agraefe";"";"Data for studies authored by Andreas Graefe, LMU Munich";"";"";"LMU Munich"
2138;"SAO/NASA Astrophysics Data System";"ADS";"";"This Dataverse will contain data generated by ADS team members using ADS data";"";"";"Smithsonian Astrophysical Observatory"
2137;"Research & Politics";"researchandpolitics";"";"Research & Politics (published by Sage) aims to advance systematic peer-reviewed research in political science and related fields through the open access publication of the very best cutting-edge research and policy analysis.";"";"";"Sage"
2132;"State Executive Orders";"stateeos";"";"A Count of Executive Orders and Proclamations by State and Year for (some) Years 2001-2011";"";"";"University"
2130;"Shehu AbdusSalam";"dta";"";"Data sets from some research work in phenomenological high-energy physics";"";"";"ICTP, Trieste"
2127;"GSD Research";"gsdresearch";"";"This Dataverse contains research data compiled in courses at the Harvard University Graduate School of Design. The information was collected and assembled by GSD students. ";"";"";"Harvard University Graduate School of Design"
2116;"Vinay Kashyap";"vkashyap";"";"VLK's Dataverse";"";"";"CfA"
2113;"Steven Liao";"sliao";"";"Steven Liao's replication data webpage";"";"";"University of Virginia"
2110;"Digital Atlas of Roman and Medieval Civilization";"DARMC";"";"DARMC offers a series of maps and geodatabases bearing on aspects of Roman and medieval civilization.";"";"";"Harvard University"
2102;"Diaspora Studies";"diaspora";"";"This dataverse gathers quantitative data related to diaspora studies";"";"";"Leiden University"
2096;"Bethany Lacina";"blacina";"";"Replication data for Bethany Lacina";"";"";"University of Rochester"
2095;"LVidal Data";"Lvidal";"";"An open access source for data used in my research projects. ";"";"";"University of Wisconsin-Madison"
2094;"Ethan Ludwin-Peery";"Ethical_Situations";"";"Data for Ludwin-Peery & Tingley, "Ethical Situations and their Effects on Judgments of Punishment"";"";"";"Harvard University"
2078;"Harvard Business School";"hbs";"";"Harvard Business School Dataverse";"";"";"Harvard University"
2074;"In the Interest of Others";"itioo";"";"Data and replication materials Ahlquist & Levi (2013) and Ahlquist, Clayton & Levi (2014) ";"";"";"University of Wisconsin"
2072;"Srikant Nagulapalli";"nsrikant";"";"Unmet hospitalisation need data 2013 for Andhra Pradesh, India";"";"";"Andhra University"
2061;"Code Metrics";"codemetrics";"";"Source code metrics from a large number of programs";"";"";"Oregon State University"
2059;"Tanna Chong";"recurringdiversion";"";".do files and data for the MSc International Public Policy thesis, 2012-2013.";"";"";"UCL MSc International Public Policy"
2049;"Bechtel and Scheve";"bechtel_scheve_data";"";"Replication data for articles by Michael M. Bechtel and Kenneth F. Scheve";"";"";"University of St.Gallen"
2045;"The Imperiia Project: Economic and Cultural Infrastructures of the Russian Empire";"ImperiiaGIS";"";"An experiment in historical GIS: the Imperiia Project maps and analyzes the infrastructure of mobility in the Russian empire. It focuses on economic and cultural exchange.";"";"";"History Department, Harvard University"
2037;"Bones of the Milky Way";"milkywaybones";"";"All the supporting data and files for the "Bones of the Milky Way" study, beginning with the Nessie Infrared Dark Cloud.  Includes supplementary high-resolution imagery.";"";"";"Harvard University, Center for Astrophysics"
2030;"CEHD";"cehd";"";"Données du Centre d'Etudes en Habitat Durable";"";"";"Centre d'Etudes en Habitat Durable"
2027;"Henry Rome";"rome-afghanistan";"";"Attack and casualty data from suicide terrorist attacks in Afghanistan.";"";"";"Princeton University"
2025;"Stephen Chaudoin";"chaudoin";"";"This dataverse contains replication data for papers which I have authored or co-authored.";"";"";"University of Pittsburgh"
2022;"Tomila Lankina";"lankina";"";"Data for AJPS paper "Mission or Empire, Word or Sword? The Human Capital Legacy in Post-Colonial Democratic Development"";"";"";"London School of Economics and Political Science"
2020;"Colgate SOAN Student Data Archive";"colsoanstudata";"";"This is an archive for student-generated data from Colgate University's Department of Sociology and Anthropology.";"";"";"Colgate University Department of Sociology and Anthropology"
2015;"Kimlong Chheng";"chhengonomics";"";"Economics Planet";"";"";"Australian National Univesity"
2014;"Christopher Felker";"cfelker";"";"Digital curation of scholarly output, project work and demonstration projects.";"";"";"University of California"
2009;"Kyle Cranmer";"KISMET";"";"Results of statistical inference of supersymmetric parameter space.";"";"";"New York University"
2008;"Dan Pemstein";"dbp";"";"Research-related data and code";"";"";"NDSU"
2001;"David Rothwell";"rothwell";"";"Research conducted by the Social Development Research Group";"";"";"Centre for Research on Children and Families, McGill University Faculty of Social Work"
1996;"Hispanic Trends";"hispanictrends";"";"Dataverse with time series data relevant for monitoring inequality and poverty among Hispanics in the United States";"";"";"Stanford University's Center on Poverty and Inequality"
1987;"Roman river warships";"RomanWarships";"";"Maneuverability of roman river warships / Fahrteigenschaften roemischer Flussgaleeren";"";"";"Romen warships"
1986;"John Wise";"jwise";"";"";"Wise";"John";"Georgia Institute of Technology, Center for Relativistic Astrophysics"
1985;"Sylvain Korzennik";"SGK";"";"Results from my research";"Korzennik";"Sylvain";"Harvard-Smithsonian Center for"
1980;"SPT Galaxy Cluster Followup";"SPT_Clusters";"";"Followup of SPT-detected galaxy clusters.";"";"";"Harvard-Smithsonian Center for Astrophysics"
1975;"AHR";"AHR";"";"Data objects published by Arnold Rots";"";"";"SAO"
1974;"45 MHz survey";"45MHz";"";"All sky survey at 45MHz (Guzman et al. 2010)";"";"";"Harvard-Smithsonian Center for Astrophysics"
1970;"Laboratory for Visual Learning";"LVL";"";"Research studies of the Laboratory for Visual Learning at CFA";"";"";"Harvard-Smithsonian Center for Astrophysics"
1968;"AstroCitations";"astrocite";"";"Ancillary data for paper "Handling, archiving, and citing data in astronomy"";"";"";"Harvard University"
1962;"Hans Moritz Günther";"hamogu";"";"";"";"";"Harvard-Smithsonian Center for Astrophysics"
1961;"Andromeda Galaxy H_alpha Study";"M31";"";"Files containing reduced H_alpha and r-continuum M31  images";"";"";"Harvard-Smithsonian CfA"
1958;"Greg Snyder";"gsnyder";"";"Model observations of galaxies based on hydrodynamical simulations";"";"";"Harvard University"
1945;"CfA Library Datasets";"cfalibrary";"";"A collection of datasets compiled by the CfA Library from a variety of sources.";"";"";"Harvard-Smithsonian Center for Astrophysics"
1943;"theastrodata";"theastrodata";"";"An administrative dataverse for the Astronomy Dataverse Network that includes training materials and example datasets.  It is also used to highlight new dataverses and studies, and to create and maintain example templates for use by other projects. ";"";"";"Harvard-Smithsonian Center for Astrophysics"
1939;"Supernova Forensics";"asoderberg";"";"";"Soderberg";"Alicia";"Harvard University"
1935;" Astroinformatics of galaxies & quasars";"astroinfo";"";"With the availability of the huge amounts of data produced by current and future large multi-band photometric surveys, photometric redshifts have become a crucial tool for extragalactic astronomy and cosmology.";"";"";"Harvard-Smithsonian Center for Astrophysics"
1931;"COMPLETE";"complete";"";"The COordinated Molecular Probe Line Extinction Thermal Emission Survey of Star Forming Regions";"";"";"Harvard-Smithsonian Center for Astrophysics"
1929;"1.2 Meter CO Survey";"rtdc";"";"The Radio Telescope Data Center (RTDC) reduces, archives, and makes available on its web site data from SMA and the CfA Millimeter-wave Telescope. ";"";"";"Smithsonian Astrophysical Observatory"
1913;"Open Health Data";"openhealthdata";"";"Replication datasets for data papers published in Open Health Data.";"";"";"Ubiquity Press"
1911;"Journal of Open Psychology Data (JOPD) ";"JOPD";"";"Datasets from data papers published in the Journal of Open Psychology Data (JOPD) .";"";"";"Ubiquity Press"
1904;"IRRI  ";"RiceResearch";"";"To reduce poverty and hunger, improve the health of rice farmers and consumers, and ensure environmental sustainability through collaborative research, partnerships, and the strengthening of national agricultural research and extension systems.";"";"";"International Rice Research Institute"
1891;"Political Science Research and Methods (PSRM)";"PSRM";"";"Data and replication code repository for Political Science Research and Methods journal articles. ";"";"";"Cambridge Journals - CUP"
1882;"William R. Doyle";"willdoyle";"";"William R. Doyle Replication Archive";"Doyle";"William";"Vanderbilt University"
1879;"Music Mood Ratings";"musicmoods";"";"Ratings of perceived moods in clips of 600 popular music tracks by unique artists. Mood-related social tags from Last.fm are also provided for the corresponding tracks.";"Saari";"Pasi";"University of Jyväskylä"
1870;"Joshua Mitts";"joshuamitts";"";"Data for Joshua Mitts's research papers.";"Mitts";"Joshua";"Unaffiliated"
1866;"The Golden Rice";"goldenrice";"";"The Golden Rice Network, coordinated by Dr Gerard Barry (IRRI), is the platform from which Golden Rice is initially being deployed to the smallholders who will be the primary beneficiaries of the technology. ";"";"";"Research Project"
1864;"Anthony Damico";"asdfree";"";"unlocked public-use data sets for asdfree";"Damico";"Anthony";"Harvard University"
1859;"Andrew Leigh";"andrewleigh";"";"This Dataverse is an archive of research and datasets produced by Andrew Leigh while an academic at the Australian National University during 2004-2010.";"";"";"Australian National University"
1849;"Javier Márquez";"javiermarquez";"";"Data";"Márquez";"Javier";"Javier Márquez"
1846;"Hopper & Imlay";"HopperImlayReplicationData";"";"Data related to 'Estimation Uncertainty in Voter Candidate Distance' replication work ";"";"";"Harvard University"
1836;"Tom Clark";"tomsclark";"";"Replication materials for publications";"Clark";"Tom";"Emory University"
1831;"Zuzana Chovanec";"chovanec_dis";"";"Mass spectral data for 2013 dissertation "Products of Social Distinction: Organic Residue Analysis of Specialized Products in Bronze Age Cyprus"";"Chovanec";"Zuzana";"State University of New York at Albany"
1820;"Daniel Blake";"dblake";"";"Data sets, replication data and code.";"";"";"IE Business School"
1818;"UC-UTCC";"ucutcc";"";"Dataverse for UC-UTCC Research Center";"";"";"UC-UTCC Research Center"
1814;"Bioversity International";"Bioversity";"";"Bioversity International is a research-for-development organization working with partners worldwide to use and conserve agricultural and forest biodiversity for improved livelihoods, nutrition, sustainability and productive and resilient ecosystems.  ";"";"";"Consultative Group on International Agricultural Research (CGIAR)"
1811;"Frank Thames";"fthames";"";"My Research and Replication Data Sets";"Thames";"Frank";"Texas Tech University"
1805;"Stephen Pettigrew";"stephenpettigrew";"";"Stephen Pettigrew's Data";"";"";"Harvard University"
1804;"University of Iowa Hawkeye Poll";"Iowa_Hawkeye_Poll";"";"Codebooks and Data for all of the Hawkeye Polls conducted by the University of Iowa Political Science Department since 2009.";"";"";"University of Iowa"
1801;"Centre for Agricultural Research and Development";"cardresearch";"";"Data, Meta-Data and Documents from premier research work at Center for Agricultural Research and Development (CARD) of Lilongwe University of Agricultural and Natural Resouces (LUANAR) in Malawi";"";"";"Centre for Agricultural Research and Development"
1800;"Teaching Integrity in Empirical Research";"TIER";"";"Undergraduate empirical research designed for replication.";"";"";"Haverford College"
1799;"Peter Hatemi";"phatemi";"";"Replication Data for Journal Articles";"";"";"Penn State"
1797;"Measuring Elections";"measuringelections";"";"Public data for the PEW Election Performance Index and other useful election and election administration data.";"";"";"MIT"
1785;"Humidtropics, a CGIAR Research Program on";"Humidtropics";"";"Humidtropics, a CGIAR Research Program, seeks to transform the lives of the rural poor in the humid tropics. See http://humidtropics.cgiar.org";"";"";"Humidtropics"
1780;"Kathryn J. Alexander";"kjalexander";"";"Dataverse of Kathryn Alexander";"";"";"Duke University"
1774;"Andrew Ballard";"ballardao";"";"A Repository for Project Data";"";"";"Duke University"
1772;"Carl Klarner";"cklarner";"";"Political Science data, focusing on elections and state politics.";"";"";"Indiana State University"
1761;"Avahan - Media and Advocacy";"Media_Advocacy";"";"This dataverse provides data, tools, and related publications around the studies conducted on measuring the impact of communication campaigns at the population level, and documenting the media reports over a period of five years.";"";"";"BBC-WST, CFAR"
1751;"Mark Buntaine";"mbuntaine";"";"Mark Buntaine's replication data";"Buntaine";"Mark";"College of William & Mary"
1747;"Sung Chul Jung";"scjung";"";"This webpage is for Sung Chul JUNG's research project data sets.";"";"";"Seoul National University"
1744;"Cambridge Replication Workshop";"CambridgeReplication";"";"This is the data verse for the Cambridge Replication Workshop. Students enrolled in modules at the Social Sciences Research Methods Centre at Cambridge University, UK, will post their data, Rcode and replication attempts here.";"";"";"University of Cambridge"
1743;"Harvard University Press";"HUP";"";"This is the replication data archive for the Harvard University Press.";"";"";"Harvard University"
1742;"Nicole Janz";"NicoleJanz";"";"www.nicolejanz.de";"";"";"University of Cambridge"
1740;"Kyle Peyton's ";"kpeyton";"";"Replication material for Kyle Peyton (kyle.peyton@unimelb.edu.au) ";"";"";"Melbourne Institute of Applied Economic and Social Research"
1739;"Navid Hassanpour";"NH";"";"politics of information, media and mobilization, social network analysis ";"";"";"Yale University"
1736;"Replication of Pollard and Morgan (2002)";"repPollard02";"";"Replication of Pollard and Morgan (2002)";"";"";"Duke University"
1734;"Fengming Lu";"fengminglu";"";"Fengming Lu's Dataverse";"";"";"Duke University"
1732;"Sophie Lee";"sophielee";"";"Sophie Lee, Ph.D. Student in Political Science at Duke University";"";"";"Duke University"
1730;"Florian M. Hollenbach";"fmh3";"";"Florian Hollenbach's Dataverse";"";"";"Duke University"
1727;"Josh Lerner";"jyl19";"";"Grad student at Duke in Political Science";"";"";"Duke University"
1726;"Stephen Morgan";"stephenmorgan";"";"Research Dataverse";"";"";"Duke University"
1719;"Simon Weschle";"simonweschle";"";"Dataverse of Simon Weschle (Duke University)";"";"";"Duke University"
1713;"Johan Hellstrom";"johan-hellstrom";"";"Senior Lecture in Political Science, Umea University";"";"";"Umeå University"
1711;"Matthew Blackwell";"mattblackwell";"";"Assistant Professor of Political Science, University of Rochester";"Blackwell";"Matthew";"University of Rochester"
1709;"ICRAF GeoScience Lab";"icrafgsl";"";"Data and information repository for the GeoScience Lab at the World Agroforestry Centre (ICRAF).";"";"";"World Agroforestry Centre"
1704;"Nikolay Marinov";"nikolaymarinov";"";"Political Science: Democratization, International Relations, Comparative Politics ";"Marinov";"Nikolay";"Yale"
1702;"Konstantin Kashin";"kkashin";"";"I am a PhD Candidate in the Department of Government and an affiliate of IQSS at Harvard. My primary research interests include quantitative political methodology, business-state relations, and interest group politics.";"";"";"Harvard University"
1699;"David Tannenbaum";"davetannenbaum";"";"Incentivizing wellness in the workplace: Sticks (not carrots) send stigmatizing signals.";"Tannenbaum";"David";"UCLA Anderson"
1693;"Weidenbaum Center - TAPS dataverse";"taps";"";"TAPS (The American Panel Study) dataverse";"";"";"Washington University in St. Louis"
1691;"Bruce Desmarais";"bdesmarais";"";"Data from my published research, especially that which is too big to share on email.";"Desmarais";"Bruce";"University of Massachusetts Amherst"
1690;"Joshua Ioji Konov";"market_economics";"";"Market Economics under the conditions of Globalization and rising Productivity, China's Industrialization and outsourcing & moving of Industrial Production, e.g. ";"Konov";"Joshua Ioji";"Society for the Study of Emerging Markets (SSEM)  "
1680;"Urban Institute Data Repository";"urbaninstitute";"";"Urban Institute Data Repository";"";"";"Urban Institute"
1674;"Content Coding for Contextualization of Care ";"4C";"";"4C Coding Manual";"";"";"Jesse Brown VA Medical Center"
1672;"Noah Nathan";"nlnathan";"";"Replication files for research.";"Nathan";"Noah";"Harvard University"
1667;"Irfan Nooruddin";"irfan";"";"Dataverse for Irfan Nooruddin";"";"";"The Ohio State University"
1663;"Andrew Owsiak";"Owsiak";"";"Replication data for research published by Andrew P. Owsiak.";"";"";"University of Georgia"
1659;"Ingo Rohlfing";"ir_dataverse";"";"Data, syntax and supplementary material of my research";"Rohlfing";"Ingo";"University of Cologne"
1656;"Giovanni Capoccia";"gcapoccia";"";"Giovanni Capoccia's data";"Capoccia";"Giovanni";"University of Oxford"
1654;"Sentinel Landscape Nicaragua Honduras - GIS";"SL";"";"Database from Honduras & Nicaragua";"";"";"Research Project"
1646;"John A. Graves";"jagravesvandy";"";"John Graves Vanderbilt University";"";"";"Vanderbilt University"
1645;"Sentinel Landscape Nicaragua Honduras";"N-H-SL";"";"Databases compiled within the Nicaragua Honduras Sentinel Landscapes from different sources";"";"";"CATIE - ICRAF"
1642;"iscpif";"iscpif";"";"Data released by the Complex Systems Institute of Paris Ile-de-France";"";"";"Complex Systems Institute of Paris Ile-de-France"
1641;"STISOC";"stisoc";"";"STISOC description";"";"";"sociologic.ro"
1640;"Mark Manger";"markmanger";"";"Mark Manger's Research and Replication Data Archive";"";"";"Munk School of Global Affairs"
1635;"J.J. Prescott";"jjprescott";"";"Professor of Law at University of Michigan";"";"";"University of Michigan Law School"
1630;"Dalson Figueiredo";"moneyvotes";"";"PhD project about campaign spending in Brazil. ";"Figueiredo";"Dalson";"UFPE"
1619;"ACASIAN";"acasian";"";"ACASIAN has created many GIS spatial databases for East and SE Asian countries plus the former Soviet Union and the NIS, with a focus on administrative units matching census returns.  See www.acasian.org/price.html for a complete list.
 
";"";"";"Griffith University"
1617;"Digaai";"digaaidataverse";"";"Brazilian diaspora database";"";"";"research project"
1613;"Douglas M. Gibler";"dmgibler";"";"Douglas M. Gibler's Replication Data";"Gibler";"Doug";"University of Alabama"
1607;"David Fortunato";"fortunato";"";"David Fortunato's Dataverse";"Fortunato";"David";"University of California, Merced"
1597;"CHAI HIV Financing";"chaighf";"";"CHAI HIV Financing Studies on HIV/AIDS in Africa";"";"";"CHAI"
1595;"Mohamed Rajah";"GISRS";"";"GIS and Remote Sensing Related Research Papers";"Rajah";"Mohamed";"GIS"
1591;"Jay Ulfelder";"ulfelder";"";"Jay Ulfelder's projects";"Ulfelder";"Jay";"Consulting researcher"
1584;"Adam Chilton";"chilton";"";"Replication data and code for Adam Chilton's research. ";"";"";"Harvard"
1576;"Avahan - Migration Research";"Migration";"";"This dataverse provides tools, methodology, data and links to publications from the migration research that was conducted with female sex workers, male migrant workers in selected states of India. ";"";"";"Population Council, University of Manitoba"
1574;"Johannes Karreth";"jkarreth";"";"Replication data for my published research.";"";"";"University of Colorado Boulder"
1572;"Terrorist Competition Rep. Data";"TerrComp";"";"Replication data for "The Effect of Competition on Terrorist Group Operations"
";"Nemeth";"Stephen";"East Carolina University"
1570;"Alex Weisiger";"weisiger";"";"Replication data for Alex Weisiger's published work.";"";"";"University of Pennsylvania"
1552;"Yuri Zhukov";"zhukov";"";"Datasets, Replication Code and Programs";"";"";"Harvard University"
1548;"Boston Area Research Initiative";"BARI";"";"Contains a variety of data describing the people, places and events of greater Boston, intended to stimulate synthetic, collaborative research that advances both social science and policy.";"";"";"Boston Area Research Initiative"
1538;"PUBLG088";"publg088";"";"PUBLG088: Advanced Quantitative Methods dataverse containing replication data for final papers.";"";"";"University College London"
1526;"CGIAR Research Program on Forests, Trees and Agroforestry";"crp6";"";"The CGIAR Research Program No. 6 (CRP6): Forests, Trees and Agroforestry: Livelihoods, Landscapes and Governance aims to enhance the management and use of forests, agroforestry and tree genetic resources across the landscape, from farms to forests.";"";"";"CGIAR"
1522;"AfricaRice";"africarice";"";"AfricaRice  is a leading pan-African rice research organization committed to improving livelihoods in Africa through strong science and effective partnerships.  AfricaRice is a member of the CGIAR Consortium.";"";"";"Africa Rice Center"
1516;"Jennifer Wolak";"wolakj";"";"Department of Political Science, University of Colorado";"Wolak";"Jennifer";"University of Colorado"
1506;"Robbat Research Group";"Robbat";"";"Dataverse for research done by the Robbat Lab, Department of Chemistry, Tufts University";"";"";"Tufts University"
1505;"CIAT";"CIAT";"";"Research data produced by the International Center for Tropical Agriculture (CIAT)";"";"";"Research Center"
1502;"Guy Grossman";"guygrossman";"";"Assistant professor of political science, specializing in political economy of development. ";"Grossman";"Guy";"University of Pennsylvania"
1499;"Health Systems Research";"HealthSystems";"";"Regina Herzlinger, Thomas Zeltner, Jeffrey Cronin, Xiang Ao, Mahiben Maruthappu";"";"";"Harvard Business School & Faculty of Arts and Sciences"
1497;"Research Core";"researchcore";"";"The Research Core provides public health research methods support to Harvard Medical School, Brigham & Women's Hospital, and Partners In Health";"";"";"Research Core, Department of Global Health and Social Medicine, Harvard Medical School"
1496;"DynamicsLab, University College Dublin";"DL";"";"DynamicsLab, University College Dublin";"";"";"UCD"
1495;"Distributive Conflict and Regime Change";"hktregimechange";"";"Distributive Conflict and Regime Change: A Qualitative Dataset";"Teo";"Terence";"Rutgers University"
1487;"Caltech/MIT Voting Technology Project";"VTP";"";"Caltech/MIT Voting Technology Project";"";"";"Caltech/MIT Voting Technology Project"
1475;"SPPQ";"sppq";"";"This site serves as the data replication site for <a href="http://spa.sagepub.com/">State Politics &amp; Policy Quarterly</a>, published by <a href="http://www.sagepub.com/">Sage</a>.";"";"";"State Politics & Policy Quarterly"
1474;"PSI/Global";"psi-global";"";"PSI is a global health organization that focuses on serious challenges such as a lack of family planning, HIV and AIDS, barriers to maternal health, and the greatest threats to children under five, including malaria, diarrhea, pneumonia and malnutrition. ";"";"";"PSI"
1472;"Andrew Beath";"beathdiss";"";"Data for 'Randomized Institutional Isomorphism - Evidence from Afghanistan'";"";"";"Harvard University Department of Government"
1470;"Gov 2001 Replication";"imfloan";"";"Replication data for Gov 2001";"";"";"Harvard University"
1464;"Daina Chiba";"dynaman";"";"Replication files for published papers";"";"";"Rice University"
1451;"Tyler Anbinder";"anbinder";"";"The data from my research on American immigrant life.";"Anbinder";"Tyler";"George Washington University"
1449;"Margin of Error Dataverse";"moerror";"";"Margin of Error is a blog dedicated to scientific exploration of public opinion, elections and political campaigns.";"";"";"Margin of Error"
1435;"University of the Thai Chamber of Commerce";"utcc";"";"Eight research centers at UTCC provide hands-on reports and academic services to the communities including government agencies and private companies.";"";"";"University"
1434;"ICRISAT";"icrisat";"";"Data Space of ICRISAT";"";"";"ICRISAT"
1432;"Support and Opposition to Migration";"som";"";"http://www.som-project.eu/";"";"";"Support and Opposition to Migration"
1427;"Occupational Safety Inspections Analysis";"levinetoffeljohnson2012";"";"This is the publicly-available portion of the dataset used in the analysis of "Randomized Government Safety Inspections Reduce Worker Injuries with No Detectable Job Loss" by David I. Levine,  Michael W. Toffel,  and Matthew S. Johnson";"Toffel";"Michael";"Harvard Business School"
1426;"Damien Bol";"damienbol";"";"This dataverse contains the replication material (data and syntaxes) of my publications.";"";"";"University of Montreal"
1417;"Joel W. Johnson";"jwjohnson";"";"Joel W. Johnson's Dataverse ";"Johnson";"Joel";"Colorado State University - Pueblo"
1412;"AmyRFinnegan";"amyrfinnegan";"";"I am a Policy PhD student at Duke University.";"Finnegan";"Amy";"Duke"
1410;"American Journal of Political Science (AJPS)";"ajps";"";"The American Journal of Political Science is committed to significant advances in knowledge and understanding of citizenship, governance, and politics, and to the public value of political science research. ";"";"";"Rice University"
1404;"Blanca de Lizaur";"BdeLizaur";"";"Blanca de Lizaur, PhD, MA, BA, Media content specialist. 
Telenovela (Latin American teleroman/soap opera), Popular Culture, Cultural Studies, Sociological and Cognitive approaches to fiction, Literary Theory --Research.";"";"";"UNAM (Mexico), UAH (Spain)"
1385;"STATCAN - Statistics Canada";"statcan";"";"Statistics Canada, a member of the Industry Portfolio, produces statistics that help Canadians better understand their country—its population, resources, economy, society and culture.";"";"";"Canada"
1382;"ODESI - Scholars Portal Nesstar Archive, Ontario, Canada";"odesi";"";"Established in 2007, ODESI is a digital repository for social science data, including polling data. It is a web-based data exploration, extraction and analysis tool that uses the Data Documentation Initiative (DDI) social science data standard.";"";"";"Ontario Council of University Libraries"
1378;"ADP - Nesstar Archive at the University of Ljubljana, Slovenia";"adpljubljana";"";"ADP are the central Social Science Data Archives in Slovenia. Our main task is to preserve data from already concluded studies, so that they can be used for secondary analysis";"";"";"Slovenia"
1377;"Social Sciences Computing Services of the University of Chicago, Nesstar Archive";"uofcnesstar";"";"Social Sciences Computing Services is made up of several distinct support teams that provide services to the Social Sciences Division.";"";"";"University of Chicago"
1374;"FORS - Swiss Foundation for Research in Social Sciences";"fors";"";"FORS enhances and supports work in the social sciences by conducting survey and methodological research, and by providing researchers with a wealth of information and data for secondary analysis.";"";"";"Swiss Foundation for Research in Social Sciences"
1373;"ESDS - Economic and Social Data Service, UK ";"esds";"";"The ESDS Nesstar catalogue provides online access to a selection of key survey datasets from the ESDS Data Catalogue - please note that the ESDS Data Catalogue also offers a wide range of additional data. ";"";"";"Economic and Social Data Service, UK"
1372;"DDA - The Danish Data Archive";"ddadenmark";"";"The Danish Data Archive (DDA) is a national data bank for researchers and students in Denmark and abroad. ";"";"";"Dansk Data Arkiv"
1371;"DANS - Dutch Data Archiving and Networked Services";"dans";"";"The DANS data archive collection contains thousands of datasets in the fields of humanities, archaeology, geospatial sciences and behavioural and social science";"";"";"DANS Institute of the Royal Netherlands Academy of Arts and Sciences"
1370;"Ethan Ligon";"ligon";"";"Miscellaneous datasets created by Ethan Ligon";"Ligon";"Ethan";"University of California, Berkeley"
1369;"CORA - Canadian Opinion Research Archive";"cora";"";"The Canadian Opinion Research Archive makes available commercial and independent surveys to the academic, research and journalistic communities.";"";"";"Queen's University"
1368;"ADPSS-SOCIODATA Archivio Dati e Programmi per le Scienze Sociali";"adpss";"";"ADPSS-Sociodata is one of the most important Data Archive for the Social Sciences present in the Italian universities. Its aim is promoting social sciences data exchange, sharing and analysis.";"";"";"University of Milan, Bicocca"
1367;"NSD Norway";"nsdnorway";"";"One of the largest archives for research data of its kind. NSD is a resource centre, which assists researchers with regard to data gathering, data analysis, and issues of methodology, privacy and research ethics.";"";"";"Norwegian Social Science Data Services (NSD)"
1359;"Namtip Wipawin";"namtip";"";"Books and articles";"Wipawin";"Namtip";"Knowledge Bank Dataverse"
1354;"Survey Data on Law Students' Research & Critical Evaluation Skills";"LegalResearch";"";"This survey data comprises the responses from 3,599 law students nationwide on their legal research practices.";"Wu";"Michelle";"Georgetown Law"
1353;"Gregory Lewis";"glewis";"";"Associate Professor of Economics";"Lewis";"Gregory";"Harvard University Department of Economics"
1352;"Ghana Center for Democratic Development";"cddghana";"";"An independent, non-profit, non-government research think tank dedicated to the promotion of democracy, good governance and economic liberalization of Ghana and Africa as a whole.";"";"";"Ghana Center"
1351;"Idaho Statistical Abstract Data Compilation (1960-1998)";"Idahostats";"";"This data derives from this webpage: http://www.webs.uidaho.edu/idstats/
Tables were compiled by Diane Prorak and Lily Wai, librarians at the University of Idaho Library in 1998.";"";"";"University of Idaho Digital Initiatives"
1350;"Gulf Encyclopedia for Sustainable Urbanism";"GESU";"";"Gulf Encyclopedia for Sustainable Urbanism";"";"";"Harvard University"
1341;"Geoffrey Wallace";"gprwallace";"";"Geoffrey Wallace";"";"";"Rutgers University"
1338;"Agricultural Household Tracking Survey (AHTS)";"ahts";"";"Agricultural Household Tracking Survey (AHTS) conducted in 2010";"";"";"Ministry of Agriculture, Forestry and Food Security of the Government of Sierra Leone"
1336;"Political Science Registered Studies";"registration";"";"Dataverse in which scholars may register studies before completion. Relevant information includes data analytic plans, study instruments, and input data prior to an outcome's observation.";"";"";"University of Georgia"
1327;"Brazilian Legislative Database - CEBRAP";"bldcebrap";"";"Results of the research project "Political institutions, executive-legislative relationship and government performance in Brazil".";"";"";"Brazilian Center for Analysis and Planning (CEBRAP)"
1324;"Brian Forester";"bgforester";"";"Data and supporting material for political science graduate student.";"Forester";"Brian";"Duke University"
1322;"Ben Radford";"benradford";"";"The Dataverse for Ben Radford, graduate student in the Political Science Department of Duke University.";"Radford";"Ben";"Duke University"
1319;"Peter Vining";"pbv";"";"Peter Vining's Dataverse for MLE";"";"";"Duke University"
1318;"Beaulieu, Cox and Saiegh";"IO";"";"Sovereign debt and regime type: Re-considering the democratic advantage
";"Saiegh";"Sebastian";"UCSD"
1314;"Matthew Dickenson";"mcdickenson";"";"Contains replication data for research projects, coursework, and teaching. ";"Dickenson";"Matthew";"Duke University"
1313;"Matthias Orlowski";"orlowskm";"";"Data and code used in research projects on political institutions and public policy.";"Orlowski";"Matthias";"Humboldt-University Berlin"
1307;"Nahomi Ichino";"nichino";"";"Nahomi Ichino Dataverse";"Ichino";"Nahomi";"Harvard University"
1305;"Michael Kellermann";"mkellermann";"";"Replication data for Michael Kellermann";"Kellermann";"Michael";"United States Naval Academy"
1302;"MIT Program on Information Science";"drmaltman";"";"Data curated by the MIT Program on Information Science
";"Altman";"Micah ";"MIT"
1299;"Didier Ruedin";"ruedin";"";"Ethnic groups in national legislatures 2006.";"Ruedin";"Didier";"University of Neuchâtel"
1297;"Global Historical Evolution of Elections";"historicalelections";"";"A historical quantitative research on elections going back to the 19th century.";"";"";"Harvard University"
1295;"Voter Registration Research Project";"voterreg";"";"Research and analysis drawn from a new dataset of two million U.S. voter registration records,";"Ansolabehere";"Stephen";"Harvard University"
1293;"Richard Hornbeck";"rhornbeck";"";"Richard Hornbeck is Assistant Professor of Economics, Department of Economics, at Harvard University";"Hornbeck";"Richard";"Harvard University Department of Economics"
1292;"Scientists' Social Network";"SSN";"";"Scientists Social Network linked by publications and conference committees.";"";"";"Poznan University of Technology"
1287;"James N. Druckman";"druckman";"";"Replication Data";"Druckman";"James";"Northwestern University"
1278;"Australian Agricultural and Resource Economics Society (AARES)";"AARES";"";"The Australian Agricultural and Resource Economics Society (AARES) is an independent association of persons and organisations interested in agricultural, resource and environmental economics.";"";"";"Australian Agricultural and Resource Economics Society (AARES)"
1274;"Alicia Soderberg";"_asoderberg";"";"Public archive of raw and reduced data products associated with supernova forensics project.";"";"";"Harvard University"
1273;"The Capitalist Peace";"capitalistpeace";"";"Repository for replication files for papers and chapters associated with the edited volume "The Capitalist Peace", edited by Gerald Schneider and Nils Petter Gleditsch.";"";"";"The Capitalist Peace"
1269;"Allan Dafoe";"dafoe";"";"Replication files for Allan Dafoe. ";"Dafoe";"Allan";"UC Berkeley"
1267;"Arthur Spirling";"aspirling";"";"I specialize in political methodology, with an interest in applied Bayesian statistics, ideal point estimation and the application of generalized linear models in political science.";"Spirling";"Arthur";"Harvard University, Department of Government"
1263;"Christopher Olds Replication";"olds";"";"Original data and replication files for published research.";"Olds";"Christopher";"University of Kentucky"
1262;"Bjoern  Menze";"menze";"";"Remote sensing data products for regional archaeological surveys in the Near East";"Menze";"Bjoern ";"MIT"
1250;"California Welfare Laboratory";"cwell";"";"Dataverse with time series data for 12 domains, relevant for understanding trends in poverty and welfare in California";"";"";"Stanford University's Center on Poverty and Inequality"
1248;"Slava Mikhaylov";"Mikhaylov";"";"Slava Mikhaylov replication data";"";"";"University College London"
1246;"Lindsay M. Pettingill";"lpettingill";"";"Welcome to my dataverse! Here you can find and download replication data and supporting materials for projects I undertaking. ";"Pettingill";"Lindsay ";"Georgetown University"
1245;"Peter Gries";"uschina";"";"political psychology of US-China relations lab";"Gries";"Peter";"University of Oklahoma"
1238;"Mark Crescenzi";"crescenzi";"";"Replication and Other Data Files for Mark Crescenzi's research and publications.";"Crescenzi";"Mark";"University of North Carolina at Chapel Hill"
1237;"Center for International Forestry Research";"CIFOR";"";"The Center for International Forestry Research is a nonprofit, global facility dedicated to advancing human wellbeing, environmental conservation and equity. ";"";"";"Center for International Forestry Research"
1232;"Policy Network in Chemicals Control in Germany";"ChemNetDE";"";"Policy network data on a chemicals control legislation process in Germany during the early 1980s. Data include relations of various forms of information exchange,  influence reputation, committee membership, affiliations to policy believes, etc.";"";"";"University of Konstanz, Dept. Politics and Public Administration"
1230;"Tim Hellwig";"thellwig";"";"Tim Hellwig's Dataverse";"Hellwig";"Tim";"Indiana University"
1228;"Michael Findley";"mgfindley";"";"This page provides replication materials for Michael Findley's published research.";"Findley";"Michael";"Brigham Young University"
1221;"Sam Harper";"samharper";"";"Sam Harper's Replication Data";"Harper";"Sam";"McGill University"
1219;"Jill Lepore";"jlepore";"";"Data used in Historical Research";"Lepore";"Jill";"Harvard"
1216;"Cara Moulton";"caramoulton";"";"Network Home Page";"Moulton";"Cara";"Harvard University"
1212;"Relative Political Capacity";"rpc";"";"Dataset of Relative Political Capacity
constructed by Transresearch Consortium

";"";"";"Transresearch Consortium"
1207;"Human Rights Scores";"HumanRightsScores";"";"Latent Human Rights Protection Scores and Mutual Dependence Human Rights Scores.";"";"";"Human Rights Scores"
1205;"Bear F. Braumoeller";"Braumoeller";"";"Associate Professor, International Relations/International Security and Political Methodology, The Ohio State University";"Braumoeller";"Bear";"The Ohio State University"
1201;"Snedeker Lab";"snedlab";"";"Snedeker Lab at the Laboratory for Developmental Studies";"";"";"Harvard University"
1198;"Thomas J. Leeper";"leeper";"";"Thomas J. Leeper's Dataverse";"";"";"Aarhus University"
1196;"Michael Colaresi";"Colaresi";"";"Replication data for Michael Colaresi's Research";"Colaresi";"Michael";"Michigan State University"
1183;"Stefano Iacus";"siacus";"";"Senior researcher (ricercatore confermato) in Statistics, Department of Economics, Business and Statistics, Faculty of Political Sciences, University of Milan, Italy.";"Iacus";"Stefano";"Department of Economics, Business and Statistics, University of Milan"
1181;"PSI/Uganda";"uganda";"";"PSI is a global health organization that focuses on serious challenges such as a lack of family planning, HIV and AIDS, barriers to maternal health, and the greatest threats to children under five, including malaria, diarrhea, pneumonia and malnutrition. ";"";"";"PSI"
1179;"PSI/South Sudan";"southsudan";"";"PSI is a global health organization that focuses on serious challenges such as a lack of family planning, HIV and AIDS, barriers to maternal health, and the greatest threats to children under five, including malaria, diarrhea, pneumonia and malnutrition. ";"";"";"PSI"
1178;"PSI/Somaliland";"somaliland";"";"PSI is a global health organization that focuses on serious challenges such as a lack of family planning, HIV and AIDS, barriers to maternal health, and the greatest threats to children under five, including malaria, diarrhea, pneumonia and malnutrition. ";"";"";"PSI"
1177;"PSI/Rwanda";"rwanda";"";"PSI is a global health organization that focuses on serious challenges such as a lack of family planning, HIV and AIDS, barriers to maternal health, and the greatest threats to children under five, including malaria, diarrhea, pneumonia and malnutrition. ";"";"";"PSI"
1176;"PSI/Mozambique";"mozambique";"";"PSI is a global health organization that focuses on serious challenges such as a lack of family planning, HIV and AIDS, barriers to maternal health, and the greatest threats to children under five, including malaria, diarrhea, pneumonia and malnutrition. ";"";"";"PSI"
1175;"PSI/Malawi";"malawi";"";"PSI is a global health organization that focuses on serious challenges such as a lack of family planning, HIV and AIDS, barriers to maternal health, and the greatest threats to children under five, including malaria, diarrhea, pneumonia and malnutrition. ";"";"";"PSI"
1174;"PSI/Kenya";"kenya";"";"PSI is a global health organization that focuses on serious challenges such as a lack of family planning, HIV and AIDS, barriers to maternal health, and the greatest threats to children under five, including malaria, diarrhea, pneumonia and malnutrition. ";"";"";"PSI"
1173;"PSI/Ethiopia";"ethiopia";"";"PSI is a global health organization that focuses on serious challenges such as a lack of family planning, HIV and AIDS, barriers to maternal health, and the greatest threats to children under five, including malaria, diarrhea, pneumonia and malnutrition. ";"";"";"PSI"
1172;"PSI/Burundi";"burundi";"";"PSI is a global health organization that focuses on serious challenges such as a lack of family planning, HIV and AIDS, barriers to maternal health, and the greatest threats to children under five, including malaria, diarrhea, pneumonia and malnutrition. ";"";"";"PSI"
1171;"PSI/Angola";"angola";"";"PSI is a global health organization that focuses on serious challenges such as a lack of family planning, HIV and AIDS, barriers to maternal health, and the greatest threats to children under five, including malaria, diarrhea, pneumonia and malnutrition. ";"";"";"PSI"
1170;"AgEcon Search";"AgEconSearch";"";"AgEcon Search is a free repository of full-text scholarly literature in agricultural and applied economics, including working papers, conference papers, and journals";"";"";"AgEcon Search"
1168;"Sorting Guilty Minds";"guiltyminds";"";"This dataverse contains the data and replication files for the article: Francis X. Shen, Morris B. Hoffman, Owen D. Jones, René Marois & Joshua D. Greene, Sorting Guilty Minds, 86 NYU L. REV. (2011).";"";"";"New York University Law Review"
1165;"Maya Sen";"msen";"";"Maya Sen's Dataverse";"Sen";"Maya";"Institute for Quantitative Social Science"
1161;"DIW Berlin";"DIW";"";"German Institute for Economic Research Dataverse";"";"";"DIW Berlin"
1159;"Brian Schaffner";"schaffner";"";"Brian Schaffner's Data";"Schaffner";"Brian";"University of Massachusetts, Amherst"
1158;"Jamie Monogan";"monogan";"";"Data and code from Monogan's projects.";"Monogan";"Jamie";"The University of Georgia"
1157;"Torben Iversen";"tiversen";"";"Torben Iversen is Harold Hitchings Burbank Professor of Political Economy at Harvard. His research and teaching interests include comparative political economy, electoral politics and applied formal theory.";"Iversen";"Torben";"Harvard University"
1153;"Utrecht University";"utrecht";"";"This dataverse contains public content harvested from the Utrecht Dataverse Network";"";"";"Utrecht University Library"
1149;"Politics of Genomics";"genomics";"";"This project tracks and analyzes the ways in which genomic science interacts with political, legal, and policy arenas.";"";"";"Harvard University"
1148;"Brandon Stewart";"bstewart";"";"Replication data for my research articles.  If you'd like data or code not included here, feel free to email me.";"Stewart";"Brandon";"Harvard"
1139;"Dennis Wehde";"Researchdata";"";"A study of how to implement a repository for Primary Research data.";"Wehde";"Dennis";"Primary Research data"
1136;"Beth Reingold";"breingold";"";"Associate Professor of Political Science and Women's, Gender, and Sexuality Studies at Emory University";"Reingold";"Beth";"Emory University"
1133;"Bhaven Sampat";"boffindata";"";"Data on patents, drug approvals, and the NIH";"Sampat";"Bhaven";"Columbia University"
1125;"Rachel McCleary";"RMcCleary";"";"Rachel M. McCleary is Senior Research Fellow, Taubman Center, Harvard Kennedy School of Government, Research Fellow, Hoover Institution, Stanford University, and Visiting Scholar, American Enterprise Institute.";"McCleary";"Rachel";"Harvard University"
1122;"Recession  Trends";"recessiontrends";"";"Dataverse with time series data for 16 domains, relevant for monitoring the effects of the Great Recession";"";"";"Stanford University's Center on Poverty and Inequality"
1119;"Daniel Enemark";"enemark";"";"Data and protocols from work authored or coauthored by Daniel Enemark";"Enemark";"Daniel";"University of California, San Diego"
1117;"Adam Glynn";"glynn";"";"Adam Glynn's dataverse";"Glynn";"Adam";"Harvard University"
1113;"Knowledge Bank";"kb";"";"คลังความรู้ รวบรวมและเผยแพร่ข้อมูลบทความ งานวิจัย วารสาร วิทยานิพนธ์ และสื่อการเรียนรู้ของสาขาวิชาศิลปศาสตร์ เพื่อให้เกิดประโยชน์แก่นักศึกษา อาจารย์และผู้ที่เกี่ยวข้องกับสาขาวิชาศิลปศาสตร์";"";"";"School of Liberal Arts, Sukhothai Thamathirat Open University"
1109;"UCLA Social Science Data Archive";"ssda_ucla";"";"SSDA's mission is to provide a collaborative environment focused on the management, use and re-use of research output throughout the entire life cycle of a project.  ";"";"";"University of California, Los Angeles"
1108;"CCAFS - Climate Change, Agriculture and Food Security";"CCAFSbaseline";"";"The CGIAR Research Program on Climate Change, Agriculture and Food Security (CCAFS) is a 10-year research initiative launched by the Consultative Group on International Agricultural Research (CGIAR) and the Earth System Science Partnership (ESSP).";"";"";"CCAFS"
1093;"Ursula Daxecker";"ued";"";"Replication Data";"Daxecker";"Ursula";"Colorado State University"
1083;"Civil Rights Project/ Proyecto Derechos Civiles";"CRP";"";"Publications and related data of the Civil Rights Project/ Proyecto Derechos Civiles at UCLA";"";"";"UCLA"
1080;"ARCS";"arcs";"";"This data repository hosts datasets from researchers around the world to foster research on corporate sustainability and is managed by the HBS Business and Environment Initiative.  Download datasets below. Or contribute a dataset.";"";"";"Alliance for Research on Corporate Sustainability"
1079;"Republic of Sierra Leone";"RepublicSierraLeone";"";"Data on access to and quality of public services";"";"";"Government of Sierra Leone"
1077;"F. Daniel Hidalgo";"fdhidalgo";"";"Replication archive for F. Daniel Hidalgo";"Hidalgo";"F. Daniel";"MIT Department of Political Science"
1076;"Taylor Boas";"tboas";"";"Dataverse of Taylor Boas at Boston University";"Boas";"Taylor";"Boston University"
1073;"Brandon J Kinne";"bkinne";"";"Replication materials.";"Kinne";"Brandon";"The University of Texas at Dallas"
1072;"Jeff Gill's dataverse";"jgill";"";"Jeff Gill's dataverse";"Gill";"Jeff";"Harvard University"
1062;"UCLA Latino Home-School Research Project";"LatinoHomeSchoolProject";"";"This longitudinal study was designed to explore whether the cultural values, beliefs, and actions of Latino families provide cultural models that supply children with productive foundations for success in school.
";"";"";"UCLA"
1058;"START Terrorism Data Archive";"start";"";"A collection of datasets collected by START Principal Investigators and available for download to researchers and policymakers worldwide.";"";"";"National Consortium for the Study of Terrorism and Responses to Terrorism (START)"
1055;"Cyprus Ports";"cyprusports";"";"The Semitic Museum, founded in 1889, houses over 40,000 Near Eastern artifacts, most of which derive from museum-sponsored excavations in Egypt, Iraq, Israel, Jordan, Syria, and Tunisia.";"";"";"Harvard University"
1049;"Richard B. Freeman";"RBFreeman";"";"Richard B. Freeman holds the Herbert Ascherman Chair in Economics at Harvard University.";"Freeman";"Richard B.";"Harvard University, National Bureau of Economic Research"
1048;"National Bureau of Economic Research";"NBER";"";"Founded in 1920, the National Bureau of Economic Research is a private, nonprofit, nonpartisan research organization dedicated to promoting a greater understanding of how the economy works.";"";"";"National Bureau of Economic Research"
1043;"Graeme Blair";"blair";"";"Ph.D. candidate, Department of Politics, Princeton University";"Blair";"Graeme";"Princeton University"
1037;"UMass Donahue Institute";"UDI";"";"The University of Massachusetts Donahue Institute provides government, business, and non-profit organizations with effective solutions in the areas of research, organizational development, training, and technical assistance. ";"";"";"University Of Massachusetts"
1036;"Statistical Services Centre";"SSCUK";"";"The Statistical Services Centre (SSC) of the University of Reading provides consultancy and training in statistics and data management to a broad client base in the UK, Europe and in developing countries. ";"";"";"University of Reading, UK"
1035;"panu";"panu";"";"test suites, data sets, specifications. etc. ";"";"";"utcc"
1030;"Robert J. Sampson";"RJSampson";"";"Robert J. Sampson is the Henry Ford II Professor of the Social Sciences at Harvard University and Senior Advisor in the Social Sciences at the Radcliffe Institute for Advanced Study.";"Sampson";"Robert J.";"Harvard University, Department of Sociology"
1028;"Paul F. Diehl";"PFDiehl";"";"Paul F. Diehl is Henning Larsen Professor of Political Science at the University of Illinois at Urbana-Champaign. He also serves as Director of the Correlates of War Project, the largest data collection effort on international conflict in the world.";"Diehl";"Paul F.";"University of Illinois at Urbana-Champaign"
1025;"James Snyder";"jsnyder";"";"James Snyder is a Professor of Government at Harvard University.";"Snyder";"James";"Government Department, Harvard University"
1023;"Stefan Schüder";"schueder";"";"Additional information concerning the paper "Monetary Policy Trade-Offs in a Portfolio Model with Endogenous Asset Supply".";"Schüder";"Stefan";"University of Göttingen"
1019;"Boris Shor";"bshor";"";"Boris Shor Dataverse";"Shor";"Boris";"University of Chicago"
1015;"Todd S. Sechser";"tsechser";"";"Assistant Professor, Woodrow Wilson Department of Politics, University of Virginia.
";"Sechser";"Todd";"University of Virginia"
1013;"THE FDA PROJECT";"FDAProject";"";"A large-scale theoretical, historical and statistical analysis of pharmaceutical regulation in the United States as it is carried out by the U.S. Food and Drug Administration (FDA). ";"";"";"Harvard University"
1011;"Paul Hensel";"PHensel";"";"Associate Professor of Political Science
University of North Texas";"Hensel";"Paul";"University of North Texas"
1010;"Daniel Carpenter";"DCarpenter";"";"Freed Professor of Government
Faculty of Arts and Sciences, Harvard University ";"Carpenter";"Daniel";"Harvard University"
1007;"SND Swedish National Data Service";"SND";"";"SND is a service organisation for Swedish research within the humanities, social sciences and health sciences.";"";"";"University of Gothenburg"
1005;"Balai Besar Riset Pengolahan Produk dan Bioteknologi Kelautan dan Perikanan";"bbrp2b";"";"This Dataverse contain Balai Besar Riset Pengolahan Produk dan Bioteknologi Kelautan dan Perikanan Riset";"";"";"Balai Besar Riset Pengolahan Produk dan Bioteknologi Kelautan dan Perikanan"
1000;"Bogor Agricultural University (IPB)";"ipb";"";"Bogor Agricultural University Dataverse contain IPB's riset data";"";"";"Bogor Agricultural University (IPB)"
997;"Mediterranean Coast GIS";"MedCoastGIS";"";"Phoenician Trading Centers and Ports";"";"";"Harvard Semitic Museum"
990;"Dino Christenson";"dinopc";"";"Replication data";"";"";"Boston University"
985;"PQG_NETINF";"netinf";"";"PQG short course about network inference from gene expression data";"";"";"Dana-Farber Cancer Institute"
983;"World Agroforestry Centre - ICRAF";"icraf";"";"The World Agroforestry Centre is part of the alliance of the Consultative Group on International Agricultural Research (CGIAR) centres.";"";"";"World Agroforestry Centre"
975;"Neil Malhotra";"hm";"";"Replication Data and Code for Harbridge and Malhotra, "Electoral Incentives and Partisan Conflict in Congress: Evidence from Survey Experiments" (AJPS)
";"Malhotra";"Neil";"University of Pennsylvania"
972;"Jacquelynne Eccles";"JEccles";"";"McKeachie-Pintrich Distinguished University Professor of Psychology and Education
Ph.D. University of California - Los Angeles
Area: Developmental, Personality & Social Contexts, Social, Combined Program in Education and Psychology";"Eccles";"Jacquelynne";"University of California - Los Angeles"
970;"Abigail J. Stewart";"AStewart";"";"Sandra Schwartz Tangri Distinguished University Professor of Psychology and Women's Studies in the College of Literature, Science and the Arts and Director of the ADVANCE program at the University of Michigan.";"Stewart";"Abigail J.";"University of Michigan"
969;"Matina Horner";"MHorner";"";"Matina Souretis Horner is an American psychologist, who was the 6th President of Radcliffe College. She is known for pioneering the concept of fear of success.";"Horner";"Matina";"Radcliffe College"
968;"Donald Hansen";"DHansen";"";"The purpose of this study was to examine social contexts of learning in bilingual classrooms. Researchers examined the perceptions of students, school faculty/staff, and parents to find what influences learning for bilingual students. ";"Hansen";"Donald";"University of California, Berkeley"
962;"Tilburg University";"TU";"";"Tilburg University's main aim is to provide top-level academic instruction, and we are dedicated to the quality of our teaching. ";"";"";"Tilburg University"
955;"Dudley, Mark";"mrdudley";"";"Replication data for: "Campaign Effects and the Dynamics of Turnout Intention in Election 2000" (Hillygus 2005)";"";"";"Duke University"
952;"Patricia Sullivan";"tsulli";"";"Military intervention data";"Sullivan";"Patricia";"University of Georgia"
951;"Cindy Cheng Dataverse";"cindycheng";"";"PhD student in the Biomedical Engineering (BME) Department at Duke University. I work in the Truskey Laboratory where I construct tissue-engineered skeletal muscle to examine the interplay of microRNAs and mechanical stimulation on muscle development. ";"";"";"Duke University"
950;"Won Steinbach";"wonstein";"";"Dataverse for Won Steinbach, Ph.D candidate in the Department of Political Science at Duke University.";"Steinbach";"Won";"Duke University"
949;"Ana Lucia Guzman";"alg";"";"Class Dataverse";"Guzman";"Ana Lucia";"Duke University"
946;"Seamster, Louise";"seamster";"";"data archive for class";"";"";"Duke University"
944;"Schmidt, Eric R.";"erschmidt";"";"A website to store data from scholarly articles intended to be replicated strictly in a graduate school classroom context at Duke University ";"";"";"Duke University"
940;"Cassy Dorff";"cassyld";"";"Data ";"Dorff";"Cassy";"Duke University"
931;"Anders, Therese";"reppolsci303";"";"Replication Project PolSci 303 - Glassmyer, Sambanis (2008)";"";"";"Duke University"
922;"Record of American Democracy";"road";"";"Data includes election returns, socioeconomic summaries, and demographic measures of the American public at unusually low levels of geographic aggregation. ";"";"";"Harvard University"
912;"MIT/Harvard Energy Surveys";"energysurveys";"";"Surveys on energy attitudes in the United States, conducted at MIT and Harvard by Prof. Steven Ansolabehere.";"";"";"Harvard University"
883;"Heather Pon-Barry";"ponbarry";"";"Uncertainty Corpus";"Pon-Barry";"Heather";"Harvard University"
877;"Food Security Unit DataSets";"FSDatasets";"";"DataSets from Food Security Unit";"";"";"UN WFP Nepal"
874;"Justin H. Kirkland";"jhkirkland";"";"Replication Data for Justin H. Kirkland";"Kirkland";"Justin";"UNC Chapel Hill"
871;"Alberto Pepe";"apepe";"";"Data relative to social, scholarly, and information networks";"Pepe";"Alberto";"Harvard University"
866;"Juan C Plata";"jcplatac";"";"Research on State-building and Legislative behavior";"Plata";"Juan C";"Vanderbilt University"
865;"HarvestChoice Data Collections";"ifprihc";"";"HarvestChoice builds decision support databases, analytical tools, and knowledge delivery mechanisms to promote evidenced based decisions regarding agricultural investment and intervention options.";"";"";"HarvestChoice"
863;"Beth Simmons";"BSimmons";"";"Beth Simmons is Clarence Dillon Professor of International Affairs and Director of the Weatherhead Center for International Affairs at Harvard University. ";"Simmons";"Beth";"The Weatherhead Center for International Affairs at Harvard University"
862;"Sundeep Iyer's Dataverse";"Iyerdv";"";"Sundeep Iyer is a fellow with the Brennan Center's Democracy Program, and provides statistical analysis supporting a range of ongoing work on campaign finance, voting rights, and other issues.";"Iyer";"Sundeep";"Harvard University"
859;"Georgetown Law";"georgetownlaw";"";"Georgetown University Law Center began in 1870 and was the first law school established in the United States by a Jesuit institution of higher learning.";"";"";"Georgetown Law"
854;"Foreign Policy Analysis";"FPA";"";"Replication Data for articles appearing in Foreign Policy Analysis";"";"";"University of Missouri"
853;"OntoPhoto";"op";"";"My research interests focus on photography, philosophy of image, and how humans use language to represent knowledge about entities.";"Benson";"Allen";"University of Pittsburgh"
847;"World-Historical";"worldhistorical";"";"World-Historical";"";"";"University of Pittsburgh"
844;"Jonathan Renshon";"Jrenshon";"";"I am currently an Assistant Professor and Trice Faculty Scholar in the Department of Political Science at the University of Wisconsin-Madison.";"";"";"University of Wisconsin-Madison"
837;"Program on Survey Research";"psr";"";"This dataverse compiles survey studies from various archives and individual researchers.";"";"";"IQSS, Harvard University"
836;"Joel Selway";"joelselway";"";"Welcome to my Dataverse page where you can access all my publications and their accompanying datasets and do-files.";"Selway";"Joel";"Brigham Young University"
824;"Richard Nielsen";"rnielsen";"";"This page provides data and replication materials for Rich Nielsen's published research.";"Nielsen";"Richard";"Harvard University"
822;"Virginia Law Review";"vlr";"";"Data for articles published in the Virginia Law Review";"";"";"Virginia Law Review"
815;"SMR Searle Special Issue";"searle";"";"";"";"";"Sociological Methods & Research"
814;"Brazilian Legislative Surveys";"bls";"";"I am an Assistant Professor in the Political Science Department at Rutgers, The State University of New Jersey. I have previously held visiting appointments at Princeton and at IESP (formerly IUPERJ), and post-docs at Yale and Princeton.";"";"";"Rutgers University"
812;"Shawn Treier";"satreier";"";"I am an Assistant Professor at the University of Minnesota in political science, where I teach statistical methods and American politics.";"Treier";"Shawn";"University of Minnesota"
811;"Fortin, Jessica";"fortin";"";"The GESIS - Leibniz Institute for Social Sciences is the largest German facility infrastructure for the social sciences. ";"";"";"GESIS/Uni Mannheim"
803;"Aditya Dasgupta";"adasgupta";"";"Comparative politics data";"Dasgupta";"Aditya";"Harvard University"
801;"Daniel Ziblatt";"dziblatt";"";"";"Ziblatt";"Daniel";"Harvard University"
795;"Will Bullock";"EndorsementExperiment";"";"Will is a PhD candidate in the Department of Politics and is affiliated with CSDP.";"Bullock";"Will";"Princeton University"
791;"Center for Scholarly Communication";"vivikom";"";"As scholarly communication we understand a broad range of activities that can be seen as communication among scholars. We focus on the content as well as the context of communication among scholars in any work-related situation. ";"";"";"The Royal Library of Copenhagen"
790;"suntae kim";"stkim";"";"Suntae Kim is running this site.";"kim";"suntae";"KISTI"
788;"Alexander Davis";"alexdavis";"";"Dataverse for Alexander L. Davis. All of my personal research will be included here.";"Davis";"Alexander";"Carnegie Mellon University"
787;"KUBIS";"forskerservice";"";"Knowledge Center for Scholarly Communication at The Royal Library / University of Copenhagen, Denmark";"";"";"University of Copenhagen"
786;"Jonathan Bakdash";"jbakdash";"";"Data and analyses from my papers.";"Bakdash";"Jonathan";"University of Utah"
785;"Power Dynamics in Social Network";"bk";"";"";"";"";"Yonsei University"
780;"Review of Economics and Statistics";"restat";"";"Data and code repository for REStat";"";"";"Harvard Kennedy School"
779;"Michelle Dion";"michelledion";"";"Replication files for papers and projects by Michelle Dion";"Dion";"Michelle";"McMaster University"
778;"Robert Bates";"RBates";"";"Robert H. Bates is Eaton Professor of the Science of Government at Harvard University. His research focuses on the political economy of development, particularly in Africa, and on violence and state failure.";"Bates";"Robert";"Harvard University"
774;"Election Data Archive";"eda";"";"The Election Data Archive is a space to share and improve election data. You can create an account and either correct the cataloging information for the studies in this dataverse or upload new data files. ";"";"";"Harvard University"
771;"Andy Eggers";"AEggers";"";"The data to reproduce analysis in Andrew Eggers's dissertation (2010).";"Eggers";"Andy";"Harvard University"
766;"Instituto Juan March - Center for Advanced Study in the Social Sciences (CEACS)";"ceacs";"";"The Center for Advanced Study in the Social Sciences (CEACS), which is part of the Instituto Juan March de Estudios e Investigaciones, is a research center in Sociology and Political Science. ";"";"";"Instituto Juan March de Estudios e Investigaciones"
762;"Edmund Malesky";"emalesky";"";"Data from Edmund Malesky's Scholarly Research";"Malesky";"Edmund";"UCSD"
757;"J. Grimmer";"JustinGrimmer";"";"This dataverse contains the replication data and press releases used in my dissertation.  ";"Grimmer";"Justin";"Harvard University"
753;"Richard S.J. Tol";"rtol";"";"Richard Tol's data";"Tol";"Richard";"Economic and Social Research Institute and Vrije U Amsterdam"
752;"Paz Fernandez";"pfdez";"";"This Dataverse will serve to curate and disseminate the research data generated by Paz Fernandez.";"Fernandez";"Paz";"Instituto Juan March"
749;"Gov2001";"gov2001";"";"A dataverse for replication files for Government 2001: Advanced Quantitative Research Methodology (Prof. Gary King)";"";"";"Harvard University"
746;"Center for Geographic Analysis";"cga";"";"The Center for Geographic Analysis was founded in 2006 as a university-wide technology platform in the Institute for Quantitative Social Science, building on the foundation already created by the Harvard Geospatial Library and the Harvard Map Collection. ";"";"";"Harvard University"
743;"maodonovan";"maodonovan";"";"Public access to baseline data";"O'Donovan";"Michael ";"Hlakanphila Analytics"
741;"Felipe Nunes";"felipenunes";"";"I’m a PhD student at University of California, Los Angele's (UCLA), on the Political Science Department.";"";"";"University of California, Los Angeles"
737;"Alan Schwartz";"alansz";"";"Repository for research project data generated by Alan Schwartz, UIC Department of Medical Education";"Schwartz";"Alan";"University of Illinois at Chicago"
733;"Luke Keele";"ljk";"";"Replication Materials";"Keele";"Luke";"Ohio State"
726;"Vimut Vanitcharearnthum";"ThaiData";"";"Collection of Thai data for research in macroeconomics ";"Vanitcharearnthum";"Vimut";"University of the Thai Chamber of Commerce"
723;"Dustin Tingley";"dtingley";"";"Replication data for Dustin Tingley";"Tingley";"Dustin";"Princeton University"
722;"Michael L. Ross";"mlross";"";"";"Ross";"Michael";"University of California, Los Angeles"
718;"Coherence-based Modeling of Cultural Change and Political Violence";"CCPV";"";"The Coherence Based Modeling of Cultural Change and Political Violence (CCPV) is a three-year project funded by the Air Force Office of Scientific Research (AFOSR Contract FA9550-07-1-0253).";"";"";"University of Hawaii"
717;"Peter Enns";"Enns";"";"Peter Enns' Data";"Enns";"Peter";"Cornell University"
715;"Anibal Perez-Linan";"anibal";"";"Replication datasets for Aníbal Pérez-Liñán, Department of Political Science, University of Pittsburgh.
Bases de datos de estudios publicados por Aníbal Pérez Liñán, Departamento de Ciencia Política, Universidad de Pittsburgh.";"";"";"University of Pittsburgh"
714;"Nathan Kelly";"nkellydata";"";"Replication datasets for Nathan Kelly's publications.";"Kelly";"Nathan";"University of Tennessee"
708;"Thailand";"thailanddataverse";"";"This dataverse includes studies related to Thailand or
relevant to Thailand research.";"";"";"University of the Thai Chamber of Commerce (UTCC), Bangkok, Thailand"
705;"water&development";"wdrg";"";"";"Kummu";"Matti";"Aalto University"
703;"Teppei Yamamoto";"teppei";"";"";"Yamamoto";"Teppei";"Princeton University"
697;"Kibale Chimpanzee Project";"kibale";"";"The Kibale Chimpanzee Project is a long-term field study of the behavior, ecology and physiology of wild chimpanzees.
Data from 2009 are available to the public. Email Dr. Zarin Machanda (machanda@fas.harvard.edu) for access to other files.";"";"";"Harvard University"
696;"Tarek Hoteit";"hoteit";"";"";"Hoteit";"Tarek";"Walden University"
695;"Jane M. Murphy";"JMMurphy";"";"Longitudinal psychiatric epidemiological study in a North American population located in Atlantic Canada. Named the Stirling County Study, the study was started in 1948 and the time-frame is the 40-year period from 1952 to 1992.";"Murphy";"Jane M.";"Harvard Medical School, Department of Psychiatry, MGH"
694;"Sam  Abrams";"SamAbrams";"";"Replication Data";"Abrams";"Sam";"Harvard University"
691;"James  Anderson";"jameshanderson";"";"A dataverse created as a test for a larger project.";"Anderson";"James ";"Gobabeb Training and Research Centre"
689;"Ancient Near Eastern Landscapes";"ancientlandscapes";"";"Spatial data for the analysis of ancient settlement and land use in the Near East";"Ur";"Jason";"Harvard University"
684;"International Interactions (II): Empirical and Theoretical Research in International Relations";"internationalinteractions";"";"https://netfiles.uiuc.edu/ps-interact/www/index.html";"";"";"University of Illinois at Urbana-Champaign"
682;"Etete Peters";"ejpeters";"";"";"Peters";"Etete";"University of Calabar Teaching Hospital"
674;"Program in Quantitative Genomics";"pqg";"";"The establishment of the PQG is in response to increasing interdisciplinary needs, especially quantitative needs, in handling massive data in genetics and genomics in the HSPH and the Longwood area. ";"";"";"Harvard School of Public Health"
637;"Comments, Replies & Replications";"crr";"";"Comments, Replies & Replications....explain the project here! ";"";"";"Harvard University"
636;"CCES";"cces";"";"CCES is coordinated through the MIT Political Science Department and Polimetrix by Stephen Ansolabehere, Doug Rivers, and Sam Luks. ";"";"";"IQSS, Harvard University / MIT"
635;"Christian Collet";"ccollet";"";"Associate Professor
Department of Politics and International Relations
International Christian University";"Collet";"Christian";"International Christian University"
634;"W. Bentley MacLeod";"wbmacleod";"";"Date for Bentley's Projects.";"MacLeod";"W. Bentley";"Columbia University"
633;"VTMap";"vtmap";"";"Dataverse for the VTMap project";"";"";"VTMap"
631;"Eric Neumayer";"neumayer";"";"";"Neumayer";"Eric";"London School of Economics and Political Science"
630;"Brian Greenhill's";"briangreenhill";"";"";"Greenhill";"Brian";"University of Washington"
619;"Daniel J. Hopkins";"DJHopkins";"";"Research centers on American politics, with a special emphasis on research methods, political behavior, and local politics.";"Hopkins";"Daniel ";"Georgetown University"
618;"Peter Marsden";"PVM";"";"";"Marsden";"Peter";"Sociology, Harvard University"
609;"Measurements of Governance";"governance";"";"The World Peace Foundation was created in 1910 by the imagination and fortune of Edwin Ginn to encourage international peace and cooperation. The Foundation seeks to advance the cause of peace through study, analysis, and the advocacy of wise action. ";"";"";"Kennedy School, Harvard University"
606;"IQSS Graduate Student Working Papers";"iqGradsWorkingPapers";"";"This dataverse holds the IQSS Graduate Student Working Papers. Please see our web site at http://www.iq.harvard.edu/writings/graduate_student_working_papers for information about this series.";"";"";"IQSS, Harvard University"
605;"Nicole Lindner";"nlindner";"";"Study materials and cleaned data for research conducted by Nicole M. Lindner";"Lindner";"Nicole M.";"University of Virginia"
602;"Reischauer Institute of Japanese Studies";"rijs";"";"";"";"";"Harvard University"
598;"Kristian Skrede Gleditsch";"ksg1971";"";"Dataverse for Kristian Skrede Gleditsch";"Gleditsch";"Kristian Skrede";"University of Essex"
597;"Keith Schnakenberg";"keithschnak";"";"Keith Schnakenberg's Dataverse";"Schnakenberg";"Keith";"Washington University in St. Louis"
595;"CentERlab";"CentERlab";"";"http://center.uvt.nl/lab/";"Grim";"Rob ";"Tilburg University"
580;"Jonathan Kastellec";"jkastellec";"";"This dataverse contains replication analyses from my papers.";"";"";"Princeton University"
523;"NYU Law Review";"nyulawreview";"";"Journal Replication Archive for the New York University Law Review.";"";"";"NYU Law Review"
522;"Middle Eastern Studies";"cmes";"";"This dataverse includes studies related or relevant to Middle Eastern research";"";"";"Harvard University"
521;"Asia Center";"asiactr";"";"This dataverse includes studies related to Asia or relevant to Asia research";"";"";"Harvard University"
517;"Erik Voeten";"Voeten";"";"Data on the United Nations, international courts, and international organizations more generally.";"Voeten";"Erik";"Georgetown University"
512;"Ryan Owens";"rowens";"";"";"Owens";"Ryan";"Harvard University, Department of Government"
507;"Safe Healthcare Africa";"SHA";"";"A not for profit, non governmental organization registered in Kenya which was initiated in the year 2007.";"";"";"Safe Healthcare Africa"
505;"Carolyn Shapiro";"shapiro";"";"";"Shapiro";"Carolyn";"Chicago-Kent College of Law, Illinois Institute of Technology"
497;"Nirmala Ravishankar";"ravishankar";"";"";"Ravishankar";"Nirmala";"University of Washington"
496;"Ryan T Moore";"rmoore";"";"";"Moore";"Ryan T";"Washington University in St Louis"
495;"Jason Lakin";"jlakin";"";"";"Lakin";"Jason";"Department of Goverment, IQSS, Harvard University"
494;"Emmanuela Gakidou";"gakidou";"";"";"Gakidou";"Emmanuela";"University of Washington"
492;"Sarah Anderson";"sanderson";"";"Assistant Professor – Environmental Politics";"";"";"University of California, Santa Barbara"
490;"MCH Data Connect";"dataconnect";"";"This resource center provides a comprehensive catalog of maternal and child health data resources for public health professionals, researchers, practitioners, and students interested in understanding and gathering data on a variety of health issues. ";"";"";"Harvard University"
487;"Texas Adoption Project";"adoption";"";"";"";"";"The University of Texas at Austin"
485;"Jeffrey J. Harden";"jjharden";"";"";"Harden";"Jeff";"University of North Carolina at Chapel Hill"
482;"Patent Network";"patent";"";"Describes disambiguation algorithms that identify individual inventors from the U.S.patent database. The identification enables construction of social networks based on patent co-authorship.";"";"";"Harvard Business School"
474;"Jason Barabas";"Barabas";"";"";"Barabas";"Jason";"Florida State University"
472;"Medical Education Research";"meded";"";"Professor Alan Schwartz of the Department of Medical Education at the University of Illinois at Chicago.";"";"";"University of Illinois at Chicago"
468;"John Bluedorn";"bluedorn";"";"";"Bluedorn";"John";"University of Southampton, UK"
466;"Journal of Information Technology & Politics";"jitp";"";"The Journal of Information Technology & Politics (JITP) seeks high-quality manuscripts on the challenges and opportunities presented by information technology in politics and government.";"";"";"University of Massachusetts Amherst"
464;"Economics: The Open-Access, Open-Assessment E-Journal";"economics";"";"Economics is a pathbreaking journal that adopts an open source approach to publication, viewing research as a cooperative enterprise between authors, editors, referees, and readers.";"";"";"Kiel Institute for the World Economy"
462;"Stuart Shulman";"stu";"";"";"Shulman";"Stuart";"University of Massachusetts at Amherst"
461;"Elizabeth Pisani";"pisani";"";"At Ternyata, we’re passionate about research that improves public health. We aim to help scientists design better research, collect better data, and make better use of the information they generate.";"Pisani";"Elizabeth";"Ternyata Organization"
458;"Christopher J. Fariss";"CJFariss";"";"";"Fariss";"Christopher";"University of California San Diego"
457;"Yuming Zhou";"ZYM";"";"";"Zhou";"Yuming";"Department of Computer Science and Technology, Nanjing University"
451;"Water Resources Center Archives (University of California)";"wrca";"";"";"";"";"UC Water Resources Center Archives"
450;"Network of European Economists Online";"NEEO";"";"http://www.neeoproject.eu/";"";"";"EU-project"
446;"Reed Wood";"rmwood";"";"";"Wood";"Reed";"UNC-Chapel Hill"
443;"Deaf Ethnicity and Ancestry";"DEA";"";"Research on Deaf culture and sign language.";"";"";"Northeastern University"
437;"Unions, Employers, Collective Bargaining and Industrial Relations";"goldenwallange";"";"The Golden-Wallerstein-Lange Project is a database of labour relations indicators in 20 OECD countries.";"";"";"Golden-Wallerstein-Lange Project  - UCLA"
429;"Grinnell College Libraries";"grinnell";"";"";"";"";"Grinnell College"
422;"ASA Statistical Computing";"amassc";"";"American Statistical Association";"";"";"American Statistical Association"
419;"Research Network on Gender Politics and the State (RNGS)";"rngs";"";"RNGS is a network of researchers, and represents a long term research project on women's movements and the state as well as a series of future projects that focus on the links among women's movements and states through women's policy agencies.";"";"";"Washington State University"
417;"Frederick Solt";"fsolt";"";"";"Solt";"Frederick";"Southern Illinois University, Carbondale"
414;"Program on the Global Demography of Aging";"pep";"";"To carry out research on important themes related to global aging and health, with an emphasis on issues in the developing world.";"";"";"HSPH Center for Population and Development Studies "
411;"Center for Public Leadership";"CPL";"";"";"";"";"Harvard Kennedy School of Government"
407;"IRI Marketing Data Set";"irimds";"";"Information Resources, Inc. (IRI) is a market research company which provides clients with consumer, shopper, and retail market intelligence and analysis focused on the consumer packaged goods (CPG) industry.";"";"";"Information Resources, Inc."
406;"Andrew C. Thomas";"acthomas";"";"";"Thomas";"Andrew";"Harvard University"
396;"Center for International Development";"cid";"";"";"";"";"Harvard University"
378;"Ethnic Power Relations";"epr";"";"Ethnic Power Relations dataset";"Wimmer";"Andreas";"UCLA"
375;"Patrick Rogers";"pjrogers";"";"";"Rogers";"Patrick";"University of California, San Diego"
370;"Matt Levendusky";"mleven";"";"";"Levendusky";"Matt";"University of Pennsylvania"
367;"Andrew Sidman";"asidman";"";"";"Sidman";"Andrew";"John Jay College of Criminal Justice"
363;"Andrew Reeves";"areeves";"";"Assistant Professor of Political Science at Washington University in St. Louis";"";"";"Washington University in St. Louis"
360;"Jake Bowers";"jakebowers";"";"";"Bowers";"Jake";"University of Illinois @ Urbana-Champaign"
359;"Jack Block";"jblock";"";"";"Block";"Jack";"Block and Block Longitudinal Study"
353;"The Polinsky Language Sciences Lab";"polinsky";"";"Dataverse of The Polinsky Language Sciences Lab at Harvard University";"";"";"Harvard University"
351;"The Dramatic Growth of Open Access";"dgoa";"";"";"";"";"Simon Fraser University"
338;"Sidney Verba";"verba";"";"";"Verba";"Sidney";"Harvard University"
335;"UC San Diego ";"ucsd";"";"UC San Diego Library's public dataverse";"";"";"University of California, San Diego"
333;"China 2000 Population Census Data Assemblies";"chinacensus";"";"";"";"";"Harvard University"
331;"Nils Weidmann";"nilsw";"";"";"Weidmann";"Nils";"Princeton University"
327;"The DataWeb";"census";"";"TheDataWeb is the network of online data libraries and the infrastructure for intelligent browsing and accessing data across the Internet using the DataFerrett as the interface";"";"";"U.S. Census Bureau"
326;"VasishthLab";"vl";"";"";"Vasishth";"Shravan";"University of Potsdam"
323;"Data & Statistical Services";"dss";"";"";"";"";"Princeton University"
319;"Zeev Maoz";"zmaoz";"";"";"Maoz";"Zeev";"University of California, Davis"
318;"Joseph Daniel Ura";"jura";"";"";"Ura";"Joseph";"Department of Political Science, Texas A&M University"
312;"Harvard Geospatial Library";"hgl";"";" Spatial data from the Harvard Geospatial Library";"";"";"Harvard University"
307;"Banco de información para la investigación  aplicada en ciencias sociales (BIIACS)";"biiacs";"";"";"";"";"Centro de Investigación y Docencia Económicas, A.C."
299;"John Ahlquist";"ahlquist";"";"Professor Ahlquist maintains active research interests in political economy and statistical methodology.";"";"";"Florida State University"
297;"Skinner Regional Systems Analysis";"hrs";"";"G. W. Skinner Regional Systems Analysis, Datasets and Documentation";"";"";"Regional Systems Analysis Project"
295;"CHGIS";"chgis";"";"China Historical GIS";"";"";"Harvard University"
291;"Joshua Angrist";"JAngrist";"";"Ford Professor of Economics, MIT";"";"";"Massachusetts Institute of Technology (MIT)"
258;"Peter Solymos";"psolymos";"";"";"Solymos";"Peter";"University of Alberta"
254;"Alexander Wagner";"awagner";"";"";"Wagner";"Alexander";"University of Zurich"
249;"Political Analysis";"pan";"";"The Society for Political Methodology, the Political Methodology Section of the American Political Science Association, and the central web site for the political methodology community. ";"";"";"Oxford Journals"
247;"Brian Nosek";"bnosek";"";"";"Nosek";"Brian";"University of Virginia"
246;"Branislav Slantchev";"slantchev";"";"University of California, San Diego";"Slantchev";"Branislav";"University of California, San Diego"
245;"Indridi Indridason";"indridi";"";"";"Indridason";"Indridi";"University of California, Riverside"
243;"Post-WWII Japanese Parliamentary Proceedings ";"jpp";"";"サントリー文化財団2007年度助成研究『国会発言の政治経済学』に関係する研究データ，資料等を保管中．";"";"";"オーストラリア国立大学クローフォード経済政治研究大学院"
241;"Institute of Politics";"IOP";"";"";"";"";"Harvard Kennedy School of Government"
230;"Clayton Nall";"claynall";"";"";"Nall";"Clayton";"Harvard Department of Government"
225;"Project Implicit";"projectimplicit";"";"";"";"";"Project Implicit"
224;"Erin Phelps";"ephelps";"";"";"Phelps";"Erin";"Tufts University"
222;"ODUM";"odum";"";" the holdings of the  H. W. Odum Institute for Research in Social Science at the University of North Carolina, Chapel hill";"";"";"University of North Carolina at Chapel Hill"
218;"Center for Population and Development Studies";"CPDS";"";"";"";"";"Harvard School of Public Health"
217;"Washington State University Data Center";"wsu";"";"";"Ridout";"Travis";"Washington State University"
214;"Advanced Statistics Teaching";"stats";"";"";"";"";"HMDC"
211;"International Interactions";"interact";"";"International Interactions is a leading interdisciplinary journal that publishes original empirical, analytic, and theoretical studies of conflict and political economy.";"";"";"Taylor & Francis Group"
209;"Sunshine Hillygus";"shillygus";"";"";"Hillygus";"Sunshine";"Harvard University"
208;"UCI SSDA";"ssda_uci";"";"The Social Science Data Archives at the University of California, Irvine, Libraries collects and disseminates, for academic research and instructional use, machine-readable data in a variety of formats.";"";"";"University of California, Irvine"
207;"Paul Brace";"pbrace";"";"";"Brace";"Paul";"Rice University"
202;"Cesar Zucco";"zucco";"";"Replication materials and data from my published articles.";"";"";"Fundação Getúlio Vargas"
196;"Tastes, Ties, and Time";"t3";"";"";"";"";"Harvard University"
192;"Administration for Children and Families";"acf";"";"The Administration for Children and Families (ACF), within the Department of Health and Human Services (HHS) is responsible for federal programs that promote the economic and social well-being of families, children, individuals, and communities.";"";"";"U.S. Department of Health & Human Services"
189;"Philip A. Schrodt";"pschrodt";"";"";"Schrodt";"Philip A.";"University of Kansas"
186;"Annals of Applied Statistics";"AOAS";"";"The Annals of Applied Statistics, the newest journal from the IMS, to provide a timely and unified forum for all areas of applied statistics. ";"";"";"Institute of Mathematical Statistics"
184;"Robert M. Townsend";"rtownsend";"";"";"Townsend";"Robert M";"University of Chicago"
183;"American National Election Studies";"anes";"";"(ANES) produces high quality data on voting, public opinion, and political participation.";"";"";"Center for Political Studies, Ann Arbor, MI"
181;"Timothy J. Colton";"tcolton";"";"Timothy J. Colton is Morris and Anna Feldberg Professor of Government and Russian Studies and the Chair of the Department of Government.";"";"";"Harvard University"
177;"Boston Data Hub";"bdh";"";"";"";"";"Harvard University"
176;"SSDL";"ssdl";"";"";"";"";"University of Colorado "
175;"Project Star";"star";"";"The Student/Teacher Achievement Ratio (STAR) was a four-year longitudinal class-size study funded by the Tennessee General Assembly and conducted by the State Department of Education.";"";"";"Health and Education Research Operative Services"
170;"Numeric Data Services";"nds";"";"";"";"";"Harvard University"
169;"Weatherhead Center for International Affairs";"wcfia";"";"The Center for International Affairs was founded in 1958 and was renamed the Weatherhead Center for International Affairs in 1998 in gratitude for the magnificent endowment established by Albert and Celia Weatherhead and the Weatherhead Foundation.";"";"";"Harvard University"
168;"David Lake";"dlake";"";"";"Lake";"David A.";"University of California, San Diego"
164;"National Archives and Records Administration";"nara";"";"the numeric data holdings from the National Archives and Records administration of the United States";"";"";"U.S. Government"
163;"Roper";"roper";"";"This dataverse contains the holdings of the Roper Center for Public Opinion Research";"";"";"University of Connecticut"
151;"Department of Sociology";"deptsoc";"";"Founded in the 1930s, the Department of Sociology at Harvard has a rich tradition of fundamental contributions to social science.";"";"";"Harvard University"
150;"Gary Cox";"gcox";"";"";"Cox";"Gary";"University of California, San Diego"
149;"Kai Arzheimer:";"arzheimer";"";"Professor of Empirical Political Science at the University of Mainz and Visiting Fellow, Department of Government, University of Essex.";"";"";"University of Essex, UK"
142;"MIT Libraries";"mit";"";"Data from the MIT Libraries licensed for the MIT community";"";"";"Massachusetts Institute of Technology"
140;"Data-PASS";"datapass";"";"";"";"";"University of Michigan"
139;"ICPSR";"icpsr";"";"the holdings of the Inter-University Consortium for Political and Social Research";"";"";"Interuniversity Consortium for Political and Social Research, University of Michigan"
133;"Gerhard Sonnert";"gsonnert";"";"";"Sonnert";"Gerhard";"Harvard University"
132;"Glen H. Elder";"ghelder";"";"";"Elder";"Glen H.";"University of North Carolina, Chapel Hill"
131;"Helen A. Berger";"haberger";"";"";"Berger";"Helen A.";"Westchester University"
130;"Jacquelyn B. James";"jbjames";"";"Jacquelyn B. James, a personality and developmental psychologist, is director of research at the Sloan Center on Aging & Work and research professor at the Lynch School of Education at Boston College.";"";"";"Boston College"
129;"James A. McCann";"jamccann";"";"";"McCann";"James A.";"Purdue University"
128;"Louise Ann Moede Lex";"lex";"";"";"Moede Lex";"Louise Ann";"Iowa State University"
127;"Janet Z. Giele";"jgiele";"";"";"Giele";"Janet Z.";"Brandeis University"
126;"Samuel D. Osherson";"sosherson";"";"";"Osherson";"Samuel D.";"Fielding University"
124;"Robert J. Waldinger";"waldinger";"";"";"Waldinger";"Robert J.";"Brigham and Women's Hospital "
123;"Ronald Gallimore";"gallimore";"";"";"Gallimore";"Ronald";"University of California, Los Angeles"
121;"Rubén G. Rumbaut";"rumbaut";"";"";"Rumbaut";"Rubén G.";"University of California, Irvine"
119;"Gerald Holton";"gholton";"";"";"Holton";"Gerald";"Harvard University"
118;"Jorge I. Domínguez";"jdominguez";"";"";"Domínguez";"Jorge I.";"Harvard University"
116;"George E. Vaillant";"gvaillant";"";"";"Vaillant";"George E.";"Brigham and Women's Hospital "
115;"Felton J. Earls";"fearls";"";"";"Earls";"Felton J.";"Harvard Medical School"
114;"National Center on Family Homelessness ";"cfh";"";"";"";"";"Brandeis University"
113;"Constance Ahrons";"cahrons";"";"Emeritus Professor of Sociology.  Ahron's research focuses on families in today's societies, marriage and family therapy and gender issues. ";"";"";"University of Southern California"
111;"Janet M. Box-Steffensmeier";"Steffensmeier";"";"";"Box-Steffensmeier";"Janet M.";"Ohio State University"
110;"Will H. Moore";"wmoore";"";"";"Moore";"Will H.";"Florida State University "
109;"William Berry";"wberry";"";"";"Berry";"William";"Florida State University"
108;"Scott Morgenstern";"smorgenstern";"";"";"Morgenstern";"Scott";"University of Pittsburgh"
107;"Robert S. Weiss";"rweiss";"";"";"Weiss";"Robert S.";"University of Massachusetts, Boston"
106;"Richard Jessor";"rjessor";"";"Richard Jessor is Distinguished Professor of Behavioral Science at the University of Colorado, Boulder. One of the founders of the university's Institute of Behavioral Science in 1959, and currently directs its Health and Society Program.";"";"";"University of Colorado"
105;"Richard C. Fording";"rfording";"";"";"Fording";"Richard C.";"University of Kentucky"
104;"Ricardo A. Reis";"rreis";"";"";"Reis";"Ricardo A.";"Princeton University"
103;"Philip Paolino";"ppaolino";"";"";"Paolino";"Philip";"University of North Texas"
102;"Pepper Schwartz";"pschwartz";"";"";"Schwartz";"Pepper";"University of Washington"
101;"Paul Herrnson";"pherrnson";"";"";"Herrnson";"Paul";"University of Maryland"
100;"Patricia Salt";"psalt";"";"";"Salt";"Patricia";"Private practice, Merrimack, NH"
99;"Pamela K. Keel";"pkeel";"";"";"Keel";"Pamela K.";"University of Iowa"
98;"Page Fortna";"pfortna";"";"";"Fortna";"Page";"Columbia University"
97;"Nathaniel Beck";"nbeck";"";"";"Beck";"Nathaniel";"New York University"
96;"James D. Morrow";"jmorrow";"";"";"Morrow";"James D.";"University of Michigan"
95;"Michèle Lamont";"mlamont";"";"";"Lamont";"Michèle";"Harvard University"
93;"Michael Crespin";"mcrespin";"";"";"Crespin";"Michael";"University of Georgia"
92;"Matt Golder";"mgolder";"";"";"Golder";"Matt";"Florida State University"
90;"International Food Policy Research Institute (IFPRI)";"IFPRI";"";"IFPRI Global Public Goods";"";"";"International Food Policy Research Institute"
89;"Leonard Wantchekon";"LW";"";"";"Wantchekon";"Leonard";"New York University"
87;"MacArthur Research Networks";"macarthur";"";"";"";"";"MacArthur Foundation"
86;"Lee Epstein";"lepstein";"";"";"Epstein";"Lee";"Northwestern University School of Law"
85;"Layna Mosley";"lmosley";"";"";"Mosley";"Layna";"University of North Carolina, Chapel Hill"
84;"Langche Zeng";"lzeng";"";"";"Zeng";"Langche";"University of California, San Diego"
83;"Kristin Luker";"kluker";"";"";"Luker";"Kristin";"University of California, Berkeley"
82;"Kenneth R. Mayer";"kmayer";"";"";"Mayer";"Kenneth R.";"University of Wisconsin"
81;"Kathleen Malley-Morrison";"malleymorrison";"";"";"Malley-Morrison";"Kathleen";"Boston University"
80;"Joshua Clinton";"jclinton";"";"";"Clinton";"Joshua";"Princeton University"
79;"Joseph Cooper";"jcooper";"";"";"Cooper";"Joseph";"Johns Hopkins University"
78;"Jonathan N. Katz";"jkatz";"";"";"Katz";"Jonathan N.";"California Institute of Technology "
77;"John Padgett";"jpadgett";"";"";"Padgett";"John";"University of Chicago"
76;"John M. Carey";"jcarey";"";"";"Carey";"John";"Dartmouth College"
75;"John Huber";"jhuber";"";"";"Huber";"John";"Columbia University"
73;"Jasjeet Sekhon";"jsekhon";"";"";"Sekhon";"Jasjeet";"University of California, Berkeley"
72;"HeeMin Kim";"hkim";"";"";"Kim";"HeeMin";"Florida State University"
71;"Georg Vanberg";"gvanberg";"";"";"Vanberg";"Georg";"University of North Carolina, Chapel Hill"
69;"Cox-Lijphart Archive";"lijphart";"";"";"";"";"University of California, San Diego"
68;"Frank Baumgartner";"fbaumgartner";"";"";"Baumgartner";"Frank";"Penn State University"
67;"Elhanan Helpman";"ehelpman";"";"";"Helpman";"Elhanan";"Harvard University"
66;"Margie E. Lachman";"mlachman";"";"";"Lachman";"Margie E.";"Brandeis University"
65;"Elizabeth Stuart";"estuart";"";"";"Stuart";"Elizabeth";"Johns Hopkins University"
64;"Emilie M. Hafner-Burton";"hafnerburton";"";"";"Hafner-Burton";"Emilie M.";"Princeton University"
63;"James Alt";"jalt";"";"James E. Alt is the Frank G. Thomson Professor of Government";"";"";"Harvard University"
61;"David Lublin";"dlublin";"";"";"Lublin";"David";"American University, Washington, D.C."
60;"Daniel E. Ho";"dho";"";"";"Ho";"Daniel E.";"Stanford Law School"
59;"Daniel Aldrich";"daldrich";"";"Daniel P. Aldrich is an Associate Professor of Political Science at Purdue University";"Aldrich";"Daniel";"Purdue University"
58;"Cynthia Fuchs Epstein";"cepstein";"";"";"Epstein";"Cynthia Fuchs";"American Sociological Association"
57;"Claudio Cioffi-Revilla";"crevilla";"";"";"Cioffi-Revilla";"Claudio";"George Mason University"
56;"Bruce Bueno de Mesquita";"bmesquita";"";"";"Bueno de Mesquita";"Bruce";"New York University"
55;"Brian Lai";"blai";"";"";"Lai";"Brian";"University of Iowa"
54;"Brett Ashley Leeds";"bleeds";"";"";"Leeds";"Brett Ashley";"Rice University"
53;"Bernie Grofman";"bgrofman";"";"";"Grofman";"Bernie";"University of California, Irvine"
52;"Amy Mazur";"AGMazur";"";"Amy G. Mazur is the C.O. Johnson Distinguished Professor in the Department of Political Science at Washington State University. Her research and teaching interests focus on comparative feminist policy issues with a particular emphasis on France.";"Mazur";"Amy";"Washington State University"
51;"James H. Fowler";"jhfowler";"";"";"Fowler";"James H.";"University of California, San Diego "
50;"J. Lawrence Broz";"jlbroz";"";"";"Broz";"J. Lawrence";"University of California, San Diego "
49;"Eric Reinhardt";"ereinhardt";"";"";"Reinhardt";"Eric";"Emory University"
48;"Dan Reiter";"dreiter";"";"";"Reiter";"Dan";"Emory University"
47;"Kevin T. McGuire";"kmcguire";"";"";"McGuire";"Kevin T.";"University of North Carolina, Chapel Hill"
46;"Andrew Gelman";"agelman";"";"";"Gelman";"Andrew";"Columbia University"
42;"Samuel Kernell";"skernell";"";"";"Kernell";"Samuel";"University of California, San Diego"
40;"Correlates of War (Paul F. Diehl)";"cow";"";"";"";"";"University of Illinois, Chicago"
39;"Harvard University Department of Government Dissertations";"GovDept";"";"Harvard University Department of Government Dissertations";"";"";"Harvard University"
38;"John Y. Campbell";"jcampbell";"";"John Y. Campbell is the Morton L. and Carole S. Olshan Professor of Economics and Chair of the Department of Economics at Harvard University. ";"Campbell";"John Y.";"Harvard University"
37;"Jim Stimson";"jstimson";"";"";"Stimson";"Jim";"University of North Carolina, Chapel Hill"
36;"Michael Ward";"mward";"";"Historical and contemporary studies by MDWard and colleagues.";"";"";"Duke University"
35;"Randall Stone";"rstone";"";"Director of the Skalny Center for Polish and Central European Studies
Director of the Peter D. Watson Center for Conflict and Cooperation
PhD, Harvard, 1993";"Stone";"Randall";"University of Rochester"
34;"David Lewis";"dlewis";"";"";"Lewis";"David";"Princeton University"
32;"Will Lowe";"wlowe";"";"Will Lowe's dataverse";"";"";"MZES, University of Mannheim"
31;"Paul Huth";"phuth";"";"";"Huth";"Paul";"University of Maryland"
30;"Frederick J. Boehmke";"boehmke";"";"Data and replication files from published research.";"";"";"University of Iowa"
29;"Gerald C. Wright";"wright";"";"";"Wright";"Gerald C.";"Indiana University, Bloomington"
28;"Miriam Golden";"golden";"";"";"Golden";"Miriam";"University of California, Los Angeles"
27;"Chris Gelpi";"gelpi";"";"";"Gelpi";"Chris";"Duke University"
26;"Matt McCubbins";"mccubbins";"";"";"McCubbins";"Matt";"Duke University"
22;"Robert Franzese";"franzese";"";"";"Franzese";"Robert";"University of Michigan"
21;"David Sobek";"sobek";"";"";"Sobek";"David";"Louisiana State University"
20;"Idean Salehyan";"salehyan";"";"";"Salehyan";"Idean";"University of North Texas"
19;"Zachary Elkins";"elkins";"";"";"Elkins";"Zachary";"University of Illinois"
18;"Allan Stam";"stam";"";"";"Stam";"Allan";"University of Michigan"
17;"Skyler Cranmer";"cranmer";"";"";"Cranmer";"Skyler";"University of North Carolina at Chapel Hill"
16;"Chris Anderson";"anderson";"";"Professor of Government and Labor Relations at Cornell University.";"";"";"Cornell University"
15;"Issue Correlates of War (Paul Hensel)";"icow";"";"The Issue Correlates of War (ICOW) project is a research project that is attempting to collect systematic data on contentious issues in world politics.";"";"";"University of North Texas"
14;"Kosuke Imai";"imai";"";"Kosuke Imai's Dataverse";"Imai";"Kosuke";"Princeton University"
13;"Dale W. Jorgenson";"jorgenson";"";"Dale W. Jorgenson is the Samuel W. Morris University Professor at Harvard University.";"";"";"Harvard University"
11;"Dan Koretz";"dkoretz";"";"";"Koretz";"Dan";"Harvard School of Education"
9;"Rosalind Chait Barnett";"rbarnett";"";"";"Barnett";"Rosalind Chait";"Brandeis University"
8;"The Abdul Latif Jameel Poverty Action Lab";"jpal";"";"Data from selected studies from the Abdul Latif Jameel Poverty Action Lab (J-PAL), povertyactionlab.org.";"";"";"Massachusetts Institute of Technology"
7;"International Studies Quarterly";"isq";"";"The official journal of the International Studies Association, seeks to acquaint a broad audience of readers with the best work being done in the variety of intellectual traditions included under the rubric of international studies.";"";"";"University of North Texas"
2;"Gary King";"king";"";"";"King";"Gary";"Harvard University"
1;"Murray Research Archive Original Collection";"mra";"";"The original collection of the Murray Research Archive.";"";"";"Harvard University"
